neighborhood_cluster,Cluster_num,Short_Name,Full_Name,lon_ctr,lat_ctr,Population,"Population,_1980","Population,_1990","Population,_2000","Population,_2010","Pct_chng_pop,_1980_to_1990","Pct_chng_pop,_1990_to_1900","Pct_chng_pop,_2000_to_2010",Children,"Pct_children,_1980","Pct_children,_1990","Pct_children,_2000","Pct_children,_2010","Pct_chng_child_pop,_1980_to_90","Pct_chng_child_pop,_1990_to_00","Pct_chng_child_pop,_2000_to_10",Race/Ethnicity,"Pct_black_non-Hispanic,_1990","Pct_black_non-Hispanic,_2000","Pct_black_non-Hispanic,_2010","Pct_white_non-Hispanic,_1990","Pct_white_non-Hispanic,_2000","Pct_white_non-Hispanic,_2010","Pct_Hispanic,_1990","Pct_Hispanic,_2000","Pct_Hispanic,_2010",Pct_Asian/PI_non-Hispanic_1990,Pct_Asian/PI_non-Hispanic_2000,Pct_Asian/PI_non-Hispanic_2010,Foreign-Born,"Pct_foreign_born,_1980","Pct_foreign_born,_1990","Pct_foreign_born,_2000","Pct_foreign_born,_2007-11",Families,Pct_female-head_fams_w_chld_90,Pct_female-head_fams_w_chld_00,Pct_feml-head_fam_w_chld_07-11,Low_weight_births,Pct_low_weight_births_1998,Pct_low_weight_births_1999,Pct_low_weight_births_2000,Pct_low_weight_births_2001,Pct_low_weight_births_2002,Pct_low_weight_births_2003,Pct_low_weight_births_2004,Pct_low_weight_births_2005,Pct_low_weight_births_2006,Pct_low_weight_births_2007,Pct_low_weight_births_2008,Pct_low_weight_births_2009,Pct_low_weight_births_2010,Pct_low_weight_births_2011,Births_to_teen_mothers,Pct_birth_to_teen_mothers_1998,Pct_birth_to_teen_mothers_1999,Pct_birth_to_teen_mothers_2000,Pct_birth_to_teen_mothers_2001,Pct_birth_to_teen_mothers_2002,Pct_birth_to_teen_mothers_2003,Pct_birth_to_teen_mothers_2004,Pct_birth_to_teen_mothers_2005,Pct_birth_to_teen_mothers_2006,Pct_birth_to_teen_mothers_2007,Pct_birth_to_teen_mothers_2008,Pct_birth_to_teen_mothers_2009,Pct_birth_to_teen_mothers_2010,Pct_birth_to_teen_mothers_2011,Poverty,"Poverty_rate_(Pct),_1980","Poverty_rate_(Pct),_1990","Poverty_rate_(Pct),_2000","Poverty_rate_(Pct),_2007-11","Pct_children_in_poverty,_1990","Pct_children_in_poverty,_2000",Pct_child_in_poverty_2007-11,Employment,"Unemployment_rate_(Pct),_1980","Unemployment_rate_(Pct),_1990","Unemployment_rate_(Pct),_2000","Unemployment_rate,_2007-11",Pct_pop_16+_yrs_employed_1980,Pct_pop_16+_yrs_employed_1990,Pct_pop_16+_yrs_employed_2000,Pct_pop_16+_yrs_employed_07-11,Education,Pct_persons_wo_HS_diploma_1980,Pct_persons_wo_HS_diploma_1990,Pct_persons_wo_HS_diploma_2000,Pct_persons_wo_HS_dip_2007-11,Isolation,"Pct_HHs_with_a_phone,_2000","Pct_HHs_with_a_phone,_2007-11","Pct_HHs_with_a_car,_2000","Pct_HHs_with_a_car,_2007-11",Family_income_(2010_$),"Avg._family_income,_1979","Avg._family_income,_1989","Avg._family_income,_1999","Avg._family_income,_2007-11",Pct_chng_avg_fam_inc_1980-90,Pct_chng_avg_fam_inc_1990-00,Pct_chng_avg_fam_inc_90to07-11,Food_stamps,Person_receiv_food_stamps_2000,Person_receiv_food_stamps_2001,Person_receiv_food_stamps_2002,Person_receiv_food_stamps_2003,Person_receiv_food_stamps_2004,Person_receiv_food_stamps_2005,Person_receiv_food_stamps_2006,Person_receiv_food_stamps_2007,Person_receiv_food_stamps_2008,Person_receiv_food_stamps_2009,Person_receiv_food_stamps_2010,Person_receiv_food_stamps_2011,Person_receiv_food_stamps_2012,Person_receiv_food_stamps_2013,TANF,"Persons_receiving_TANF,_2000","Persons_receiving_TANF,_2001","Persons_receiving_TANF,_2002","Persons_receiving_TANF,_2003","Persons_receiving_TANF,_2004","Persons_receiving_TANF,_2005","Persons_receiving_TANF,_2006","Persons_receiving_TANF,_2007","Persons_receiving_TANF,_2008","Persons_receiving_TANF,_2009","Persons_receiving_TANF,_2010","Persons_receiving_TANF,_2011","Persons_receiving_TANF,_2012","Persons_receiving_TANF,_2013","Violent_Crimes_(per_1,000_pop)","Violent_crimes,_2000","Violent_crimes,_2001","Violent_crimes,_2002","Violent_crimes,_2003","Violent_crimes,_2004","Violent_crimes,_2005","Violent_crimes,_2006","Violent_crimes,_2007","Violent_crimes,_2008","Violent_crimes,_2009","Violent_crimes,_2010","Violent_crimes,_2011",Property_Crimes_(per_1000_pop),"Property_crimes,_2000","Property_crimes,_2001","Property_crimes,_2002","Property_crimes,_2003","Property_crimes,_2004","Property_crimes,_2005","Property_crimes,_2006","Property_crimes,_2007","Property_crimes,_2008","Property_crimes,_2009","Property_crimes,_2010","Property_crimes,_2011",Housing_Units,"Occupied_housing_units,_1980","Occupied_housing_units,_1990","Occupied_housing_units,_2000","Occupied_housing_units,_2010",Mobility,Pct_same_house_5_yrs_ago_1990,Pct_same_house_5_yrs_ago_2000,Rental_Vacancy,Rental_vacancy_rate_(Pct)_1980,Rental_vacancy_rate_(Pct)_1990,Rental_vacancy_rate_(Pct)_2000,Rental_vacanc_rate_Pct_2007-11,Homeownership,"Homeownership_rate_(Pct),_1980","Homeownership_rate_(Pct),_1990","Homeownership_rate_(Pct),_2000",Homeownrshp_rate_(Pct)_2007-11,Sales_of_Single-Family_Homes,"Number_of_sales,_1995","Number_of_sales,_1996","Number_of_sales,_1997","Number_of_sales,_1998","Number_of_sales,_1999","Number_of_sales,_2000","Number_of_sales,_2001","Number_of_sales,_2002","Number_of_sales,_2003","Number_of_sales,_2004","Number_of_sales,_2005","Number_of_sales,_2006","Number_of_sales,_2007","Number_of_sales,_2008","Number_of_sales,_2009","Number_of_sales,_2010","Number_of_sales,_2011","Number_of_sales,_2012",Price_of_SingFam_Homes_($2012),"Median_sales_price,_1995","Median_sales_price,_1996","Median_sales_price,_1997","Median_sales_price,_1998","Median_sales_price,_1999","Median_sales_price,_2000","Median_sales_price,_2001","Median_sales_price,_2002","Median_sales_price,_2003","Median_sales_price,_2004","Median_sales_price,_2005","Median_sales_price,_2006","Median_sales_price,_2007","Median_sales_price,_2008","Median_sales_price,_2009","Median_sales_price,_2010","Median_sales_price,_2011","Median_sales_price,_2012",Pct_ann_change_med_price_02-12,Pct_ann_change_med_price_07-12,Pct_ann_change_med_price_11-12,Mrtge_Lend_(Home_Purch_Loans),Loans_Per1000_housing_units_97,Loans_Per1000_housing_units_98,Loans_Per1000_housing_units_99,Loans_Per1000_housing_units_00,Loans_Per1000_housing_units_01,Loans_Per1000_housing_units_02,Loans_Per1000_housing_units_03,Loans_Per1000_housing_units_04,Loans_Per1000_housing_units_05,Loans_Per1000_housing_units_06,Mortgage_Borrower_Incom($2006),"Median_borrower_income,_1997","Median_borrower_income,_1998","Median_borrower_income,_1999","Median_borrower_income,_2000","Median_borrower_income,_2001","Median_borrower_income,_2002","Median_borrower_income,_2003","Median_borrower_income,_2004","Median_borrower_income,_2005","Median_borrower_income,_2006",Subprime_Lending,"Pct_subprime_loans,_1997","Pct_subprime_loans,_1998","Pct_subprime_loans,_1999","Pct_subprime_loans,_2000","Pct_subprime_loans,_2001","Pct_subprime_loans,_2002","Pct_subprime_loans,_2003","Pct_subprime_loans,_2004","Pct_subprime_loans,_2005","Pct_subprime_loans,_2006",Home_Receiv_Foreclosure_Notice,Home_receiv_foreclos_notice_95,Home_receiv_foreclos_notice_96,Home_receiv_foreclos_notice_97,Home_receiv_foreclos_notice_98,Home_receiv_foreclos_notice_99,Home_receiv_foreclos_notice_00,Home_receiv_foreclos_notice_01,Home_receiv_foreclos_notice_02,Home_receiv_foreclos_notice_03,Home_receiv_foreclos_notice_04,Home_receiv_foreclos_notice_05,Home_receiv_foreclos_notice_06,Home_receiv_foreclos_notice_07,Home_receiv_foreclos_notice_08,Home_receiv_foreclos_notice_09,Home_receiv_foreclos_notice_10,Home_receiv_foreclos_notice_11,Home_receiv_foreclos_notice_12,Foreclos_Notice_per_1000_Homes,"Foreclosure_notice_rate,_1995","Foreclosure_notice_rate,_1996","Foreclosure_notice_rate,_1997","Foreclosure_notice_rate,_1998","Foreclosure_notice_rate,_1999","Foreclosure_notice_rate,_2000","Foreclosure_notice_rate,_2001","Foreclosure_notice_rate,_2002","Foreclosure_notice_rate,_2003","Foreclosure_notice_rate,_2004","Foreclosure_notice_rate,_2005","Foreclosure_notice_rate,_2006","Foreclosure_notice_rate,_2007","Foreclosure_notice_rate,_2008","Foreclosure_notice_rate,_2009","Foreclosure_notice_rate,_2010","Foreclosure_notice_rate,_2011","Foreclosure_notice_rate,_2012",Home_Foreclosure_Completion,Foreclosure_completion_1995,Foreclosure_completion_1996,Foreclosure_completion_1997,Foreclosure_completion_1998,Foreclosure_completion_1999,Foreclosure_completion_2000,Foreclosure_completion_2001,Foreclosure_completion_2002,Foreclosure_completion_2003,Foreclosure_completion_2004,Foreclosure_completion_2005,Foreclosure_completion_2006,Foreclosure_completion_2007,Foreclosure_completion_2008,Foreclosure_completion_2009,Foreclosure_completion_2010,Foreclosure_completion_2011,Foreclosure_completion_2012,Trustee_Deed_Sale_per1000_Home,"Trustee_deed_sale_rate,_1995","Trustee_deed_sale_rate,_1996","Trustee_deed_sale_rate,_1997","Trustee_deed_sale_rate,_1998","Trustee_deed_sale_rate,_1999","Trustee_deed_sale_rate,_2000","Trustee_deed_sale_rate,_2001","Trustee_deed_sale_rate,_2002","Trustee_deed_sale_rate,_2003","Trustee_deed_sale_rate,_2004","Trustee_deed_sale_rate,_2005","Trustee_deed_sale_rate,_2006","Trustee_deed_sale_rate,_2007","Trustee_deed_sale_rate,_2008","Trustee_deed_sale_rate,_2009","Trustee_deed_sale_rate,_2010","Trustee_deed_sale_rate,_2011","Trustee_deed_sale_rate,_2012",Number_of_Schools,"Number_of_schools,_2000","Number_of_schools,_2001","Number_of_schools,_2002","Number_of_schools,_2003","Number_of_schools,_2004","Number_of_schools,_2005","Number_of_schools,_2006","Number_of_schools,_2007","Number_of_schools,_2008","Number_of_schools,_2009","Number_of_schools,_2010","Number_of_schools,_2011","Number_of_schools,_2012",Number_of_DCPS_Schools,"Number_of_DCPS_schools,_2000","Number_of_DCPS_schools,_2001","Number_of_DCPS_schools,_2002","Number_of_DCPS_schools,_2003","Number_of_DCPS_schools,_2004","Number_of_DCPS_schools,_2005","Number_of_DCPS_schools,_2006","Number_of_DCPS_schools,_2007","Number_of_DCPS_schools,_2008","Number_of_DCPS_schools,_2009","Number_of_DCPS_schools,_2010","Number_of_DCPS_schools,_2011","Number_of_DCPS_schools,_2012",Number_of_Charter_Schools,Number_of_charter_schools_2000,Number_of_charter_schools_2001,Number_of_charter_schools_2002,Number_of_charter_schools_2003,Number_of_charter_schools_2004,Number_of_charter_schools_2005,Number_of_charter_schools_2006,Number_of_charter_schools_2007,Number_of_charter_schools_2008,Number_of_charter_schools_2009,Number_of_charter_schools_2010,Number_of_charter_schools_2011,Number_of_charter_schools_2012,Total_Audited_School_Enrollment,"Total_school_enrollment,_2001","Total_school_enrollment,_2002","Total_school_enrollment,_2003","Total_school_enrollment,_2004","Total_school_enrollment,_2005","Total_school_enrollment,_2006","Total_school_enrollment,_2007","Total_school_enrollment,_2008","Total_school_enrollment,_2009","Total_school_enrollment,_2010","Total_school_enrollment,_2011","Total_school_enrollment,_2012",DCPS_Audited_School_Enrollment,"DCPS_school_enrollment,_2001","DCPS_school_enrollment,_2002","DCPS_school_enrollment,_2003","DCPS_school_enrollment,_2004","DCPS_school_enrollment,_2005","DCPS_school_enrollment,_2006","DCPS_school_enrollment,_2007","DCPS_school_enrollment,_2008","DCPS_school_enrollment,_2009","DCPS_school_enrollment,_2010","DCPS_school_enrollment,_2011","DCPS_school_enrollment,_2012",Charter_Audited_School_Enrlmnt,Charter_school_enrollment_2001,Charter_school_enrollment_2002,Charter_school_enrollment_2003,Charter_school_enrollment_2004,Charter_school_enrollment_2005,Charter_school_enrollment_2006,Charter_school_enrollment_2007,Charter_school_enrollment_2008,Charter_school_enrollment_2009,Charter_school_enrollment_2010,Charter_school_enrollment_2011,Charter_school_enrollment_2012,CAS_math_prof,CAS_read_prof
Cluster 1,1,Adams Morgan,"Kalorama Heights, Adams Morgan, Lanier Heights",-77.04770182,38.91937942,,18149,17812,18167,18338,-1.9,2,0.9,,13,11,9,7.2,-21,-15,-20,,26,18,11,56,60,69,15,16,13,2.5,6.2,6.8,,19,23,25,21,,38,26,6,,8.3,7.6,12,8.2,3,9.5,7.8,7.2,5.9,6.7,8.1,7.7,6.9,7.9,,5,7.1,9.5,5.4,6.7,3.6,3.9,3.3,4.8,5.8,5.6,3.2,1.4,2.8,,15,10,10,5.6,21,26,5.8,,6,3.6,2.7,5.4,73,78,79,81,,20,15,11,4.5,,99,96,61,60,,103602,121128,160609,162891,17,33,1.4,,546,526,537,551,566,534,527,517,465,562,656,791,857,866,,247,241,234,212,179,155,129,122,119,137,146,164,134,151,,9,12,15,13,13,12,11,12,11,9.7,8.9,9.3,,52,59,58,62,42,43,49,48,41,39,36,41,,9942,10279,10979,10992,,40,37,,6,5.8,2.4,4.8,,25,31,34,38,,34,37,50,64,54,49,44,38,40,49,38,27,28,16,25,19,26,14,,407000,362000,498000,533000,507000,702000,767000,927000,1395000,1039000,1055000,1073000,1053000,1258000,1100000,1152000,1076000,970000,0.5,-1.6,-9.9,,72,122,141,119,132,153,141,142,170,133,,109825,102733,102147,110781,119742,123689,122658,127530,132321,140907,,0.3,0.2,0.6,2.2,1.2,0.6,1.2,1.1,2,1.6,,10,20,14,19,21,10,20,13,15,11,8,12,18,25,39,31,3,0,,2.7,5.4,3.8,5.1,5.6,2.7,5.4,3.4,3.9,2.8,2,2.9,4.3,5.9,9.1,7.1,0.7,0,,0,1,0,4,2,0,0,0,1,1,2,2,4,5,14,10,1,1,,0,0.3,0,1.1,0.5,0,0,0,0.3,0.3,0.5,0.5,0.9,1.2,3.3,2.3,0.2,0.2,,4,4,4,5,2,2,4,4,4,4,4,5,4,,3,3,3,3,2,2,2,2,2,3,3,3,3,,1,1,1,2,0,0,2,2,2,1,1,2,1,,1913,1972,2140,649,548,666,757,813,1156,1273,1589,1520,,1184,1185,1072,649,548,543,599,626,930,1034,1074,1084,,729,787,1068,0,0,123,158,187,226,239,515,436,0.680769,0.634615
Cluster 2,2,Columbia Heights,"Columbia Heights, Mt. Pleasant, Pleasant Plains, Park View",-77.03176898,38.92869977,,44081,45728,46779,47378,3.7,2.3,1.3,,23,22,22,15,0.5,2,-32,,66,53,38,11,13,31,21,30,27,1.6,3.2,4.4,,12,26,33,24,,54,48,50,,8.8,13,9.8,9.4,11,7.9,11,8.8,10,8.9,7.4,7.5,9.2,8.6,,15,16,12,14,14,8.9,9,11,12,14,12,9.4,8.6,6.7,,24,24,26,17,33,35,24,,8.3,8.6,9.7,8,55,61,58,71,,44,42,42,21,,94,95,48,57,,54778,56232,63766,87204,2.7,13,37,,6456,6179,5968,6056,6053,6262,5953,5740,5686,6680,8075,9180,9400,9775,,3423,3448,3373,3198,3172,3058,2640,2466,2394,2557,2723,2664,2578,2576,,16,15,18,21,16,17,17,17,17,15,13,13,,43,45,49,47,41,35,44,43,44,44,42,47,,17039,17275,17458,19514,,51,45,,8.7,9,4.9,3.9,,24,26,26,32,,231,260,259,391,395,319,305,306,304,362,291,183,152,97,108,143,165,73,,162000,152000,168000,172000,171000,200000,222000,298000,336000,408000,535000,578000,557000,550000,471000,516000,510000,460000,4.4,-3.8,-9.8,,35,46,61,78,78,86,94,111,128,142,,81630,74332,73289,87251,93799,93110,95294,109082,115267,119018,,7.8,16,6,5.5,5.1,3.7,4,6.5,11,6.2,,78,97,124,150,144,135,86,84,78,60,41,84,94,152,230,177,3,4,,14,18,23,27,26,25,16,15,13,9.9,6.6,12,13,20,30,23,0.4,0.5,,37,35,42,69,82,42,37,19,3,8,6,10,33,53,72,44,13,1,,6.7,6.4,7.6,13,15,7.6,6.7,3.4,0.5,1.3,1,1.4,4.5,7,9.4,5.6,1.6,0.1,,12,12,12,12,20,22,22,22,19,17,17,16,18,,9,9,9,9,9,10,9,8,6,6,6,6,6,,3,3,3,3,11,12,13,14,13,11,11,10,12,,5077,4500,4607,5833,6051,6524,6720,6677,7062,7313,6430,7606,,4705,4047,4063,3855,4025,4101,4006,3737,3617,3657,3504,3614,,372,453,544,1978,2026,2423,2714,2940,3445,3656,2926,3992,0.582751,0.529604
Cluster 3,3,Shaw,"Howard University, Le Droit Park, Cardozo/Shaw",-77.02341501,38.92125661,,11335,10925,10128,12174,-3.6,-7.3,20,,18,15,14,7.8,-17,-14,-34,,78,67,44,13,18,41,8.4,12,9.4,0.7,1.7,5,,5.5,9.8,16,15,,62,56,27,,8.2,12,13,15,18,9.7,13,6.3,11,15,6.4,16,9.5,8.6,,17,19,19,11,9.5,4.3,9.3,8.1,9.8,8.1,5,9,7.4,2.5,,27,22,26,17,24,43,15,,9.1,8.1,8.5,7.5,45,51,55,61,,45,36,30,15,,97,94,48,66,,50089,61652,72581,101583,23,18,40,,1283,1163,1141,1139,1153,1102,1011,970,951,1057,1254,1352,1383,1365,,661,571,546,534,579,529,396,403,373,346,348,296,291,308,,28,29,25,24,22,24,26,23,22,19,17,22,,113,103,104,112,96,91,93,84,89,88,68,75,,3742,4030,3957,5461,,46,39,,7.4,9.2,5,3.7,,28,31,33,42,,55,58,58,122,143,119,201,146,118,112,98,74,60,60,54,60,60,35,,146000,156000,148000,180000,156000,202000,352000,395000,482000,593000,631000,758000,639000,665000,673000,667000,625000,650000,5.1,0.4,4,,39,56,79,125,159,134,120,107,235,200,,78726,80125,84454,99208,87660,100812,118199,126060,118655,120877,,6.1,10,5.2,5.6,2.8,3.1,4.7,8.3,5.9,1.5,,25,33,36,35,43,29,25,29,23,20,20,17,32,51,81,50,2,2,,12,16,18,17,21,14,12,14,11,9.7,8.5,6.6,12,17,27,17,0.7,0.6,,7,11,16,20,15,12,8,5,2,1,4,1,8,10,9,13,2,1,,3.5,5.5,8,10,7.5,6,4,2.5,1,0.5,1.7,0.4,3,3.4,3.1,4.3,0.7,0.3,,9,8,8,8,9,11,12,12,9,7,6,6,9,,4,3,3,3,4,4,4,4,3,2,2,3,3,,5,5,5,5,5,7,8,8,6,5,4,3,6,,1891,2037,2128,2502,2446,2404,2332,2093,1924,1790,951,2216,,961,927,910,1209,1141,1043,925,794,562,481,708,709,,930,1110,1218,1293,1305,1361,1407,1299,1362,1309,243,1507,0.550725,0.531401
Cluster 4,4,Georgetown,"Georgetown, Burleith/Hillandale",-77.06640867,38.90968624,,16071,17919,18741,20464,11,4.6,9.2,,7,6.1,6.1,8.1,-3.5,4.4,46,,4.1,3.7,3.7,86,85,81,5.6,4.2,6.4,4.4,6.6,8.4,,11,15,14,15,,21,10,12,,3.3,3.1,6.4,4.5,3.5,4.7,8.5,5.5,8.1,3.3,4.4,4.5,4.8,7,,0.8,0,0.6,0,0,0.6,0,0,0.6,0.5,0,0,0,0.5,,16,16,15,11,9.9,6.9,1,,2,2.4,2.1,2.9,68,68,66,54,,6.4,4.4,2,2,,100,95,83,80,,180692,228758,272708,304995,27,19,12,,24,29,31,27,26,36,30,45,40,59,68,87,100,83,,10,11,11,9,12,12,,8,8,12,13,14,10,7,,6.6,6.2,6,5.6,5.5,4.7,5.4,6,3.9,3.8,5,3.9,,54,55,44,44,45,46,41,45,48,45,41,44,,6629,7004,7446,7375,,30,26,,5.3,5.9,2.6,9,,42,48,52,55,,165,188,266,356,315,248,225,236,242,207,203,174,160,149,121,151,160,88,,484000,435000,491000,493000,565000,619000,769000,898000,881000,940000,1116000,1014000,1008000,1083000,1062000,1056000,996000,1063000,1.7,1.1,6.6,,74,102,99,83,83,86,79,94,90,64,,152972,140517,106934,145035,167044,170269,190590,183188,191889,206642,,2.1,1,0.9,2.3,2.5,1,0.9,1.8,2.6,1.6,,18,12,16,22,15,11,9,11,10,8,7,8,11,19,40,25,0,0,,3.5,2.3,3.1,4.3,2.9,2.1,1.7,2.1,1.9,1.5,1.3,1.5,2.1,3.5,7.4,4.7,0,0,,4,2,5,2,3,0,0,1,1,1,1,1,1,4,4,6,1,2,,0.8,0.4,1,0.4,0.6,0,0,0.2,0.2,0.2,0.2,0.2,0.2,0.7,0.7,1.1,0.2,0.4,,3,3,3,3,3,2,3,3,3,3,3,3,3,,3,3,3,3,3,2,2,2,3,3,3,3,3,,0,0,0,0,0,0,1,1,0,0,0,0,0,,1003,1069,1049,1001,566,698,725,971,1145,1300,1237,1267,,1003,1069,1049,1001,566,645,639,971,1145,1300,1237,1267,,0,0,0,0,0,53,86,0,0,0,0,0,0.859155,0.887324
Cluster 5,5,Foggy Bottom,"West End, Foggy Bottom, GWU",-77.04897464,38.90238587,,10731,11104,11723,16160,3.5,5.6,38,,1.8,1.4,1.2,1.4,-17,-8.4,62,,5.1,6.1,6.7,82,75,75,4.7,5.3,5.7,7.2,13,12,,15,17,19,19,,4.7,15,4.1,,4.4,7.3,9.5,9.6,16,12,6.6,13,4.2,6,8.8,5.3,4.7,11,,3.2,4.1,0,0,2.8,0,0,4.8,0,2.6,0,0,0.7,0.4,,13,21,28,29,9.2,10,11,,2.9,4.3,28,3.6,63,59,49,39,,6.2,5,5.6,2.3,,100,96,44,37,,155597,224514,259442,211064,44,16,-19,,62,49,42,30,38,36,47,77,85,73,94,108,110,107,,,,,,10,,8,25,31,19,27,33,30,24,,3.8,4.6,4.3,4.1,3.1,2.5,1.7,2,3.1,3.6,3,3,,54,39,39,37,32,29,26,26,28,24,22,26,,6324,5787,5811,6413,,30,22,,7.8,9.7,3.3,11,,23,30,29,31,,6,7,10,16,12,11,7,10,17,12,9,14,2,3,7,7,4,2,,,,353000,413000,415000,474000,,576000,710000,712000,,802000,,,,,,,,,,,49,83,107,99,117,114,124,123,170,119,,113495,112209,77822,102506,117479,94658,103931,100428,116454,119534,,0,0.4,0.5,1.2,0.7,0.9,0.9,0.1,0.9,0.7,,12,10,7,4,6,3,0,5,4,3,6,14,12,10,16,12,2,0,,4.4,3.7,2.6,1.5,2.2,1.1,0,1.8,1.5,1.1,2.2,4.5,3.8,3.2,4.9,3.6,0.6,0,,0,1,0,0,1,1,0,0,0,0,0,3,5,4,5,5,0,0,,0,0.4,0,0,0.4,0.4,0,0,0,0,0,1,1.6,1.3,1.5,1.5,0,0,,1,1,1,1,1,1,1,0,0,1,1,1,1,,1,1,1,1,1,1,1,0,0,1,1,1,1,,0,0,0,0,0,0,0,0,0,0,0,0,0,,328,326,323,338,338,347,0,0,458,468,527,548,,328,326,323,338,338,347,0,0,458,468,527,548,,0,0,0,0,0,0,0,0,0,0,0,0,0.666667,0.750000
Cluster 6,6,DuPont Circle,"Dupont Circle, Connecticut Avenue/K Street",-77.04286983,38.90896236,,16621,16216,16930,17318,-2.4,4.4,2.3,,7.4,5.7,3.8,2.8,-25,-31,-24,,14,9.1,7.7,65,72,73,15,9.2,8.2,6.1,8.6,11,,18,24,23,20,,30,29,16,,8.8,3.7,8.4,7.9,6.6,7.2,9,9.7,10,6.6,10,8.5,3.4,12,,4.6,2.7,3.4,2.8,3.1,0.9,3,0.6,0,1.7,2.9,0,0.5,1.2,,16,11,11,13,17,17,22,,4.3,2.6,2.5,3.4,75,83,82,79,,16,11,6.4,3.7,,99,95,47,46,,78983,121160,162208,177893,53,34,9.7,,219,206,225,235,215,202,212,226,186,212,243,227,251,247,,78,86,104,96,86,75,75,73,61,73,73,48,36,42,,17,16,18,17,16,12,14,14,15,11,13,15,,172,146,140,122,99,101,89,93,104,104,89,97,,10682,10491,11607,11413,,34,31,,8.1,8.4,2.3,4.2,,18,28,30,32,,31,18,27,30,43,31,28,18,32,27,24,26,22,17,6,19,19,13,,365000,337000,433000,405000,496000,572000,662000,753000,775000,945000,1010000,949000,900000,916000,,923000,798000,890000,1.7,-0.2,12,,95,123,141,157,146,149,169,163,179,152,,83833,93028,91547,105620,113715,105250,103524,111975,113557,132632,,0.5,0.4,0.2,1.6,1.4,1.1,0.8,1.2,2.8,0.5,,30,24,23,24,17,24,11,12,10,14,11,6,16,17,40,29,0,0,,5.9,4.7,4.5,4.7,3.4,4.7,2.2,2.4,2,2.7,2.1,1.1,3,3.2,7.5,5.5,0,0,,18,5,0,5,4,1,1,2,0,1,1,1,4,1,13,7,5,0,,3.6,1,0,1,0.8,0.2,0.2,0.4,0,0.2,0.2,0.2,0.8,0.2,2.5,1.3,0.9,0,,4,4,4,4,4,5,5,4,4,4,3,3,2,,3,3,3,3,3,3,3,3,2,2,2,2,2,,1,1,1,1,1,2,2,1,2,2,1,1,0,,1027,1016,958,911,971,981,684,644,606,533,621,378,,926,899,838,793,745,731,559,399,370,388,390,378,,101,117,120,118,226,250,125,245,236,145,231,0,0.725000,0.675000
Cluster 7,7,Logan Circle,"Shaw, Logan Circle",-77.02473422,38.90986858,,18637,19867,20865,23895,6.6,5,15,,20,16,16,9.7,-14,6.3,-32,,65,50,29,22,25,48,9.5,18,15,2.7,5.9,7.8,,7.8,15,24,20,,61,46,34,,10,10,12,8.6,13,8.3,10,10,10,9.2,10,10,7.2,7.9,,13,12,16,11,10,6,8.6,6.6,9.4,9.8,9.8,8.7,5.9,4.1,,29,25,25,12,28,32,19,,6.9,9.7,8.2,4.9,54,64,64,76,,44,32,28,14,,97,94,48,56,,49563,59733,67097,123697,21,12,84,,2266,2251,2351,2448,2465,2562,2563,2496,2409,2602,2976,3330,3450,3563,,975,1027,1082,1107,1105,1057,922,870,749,770,783,767,758,754,,16,20,16,15,13,14,15,15,11,11,12,11,,54,54,65,58,58,49,56,52,54,49,40,48,,8743,9179,10512,13475,,43,42,,12,10,4.6,5.7,,12,18,23,34,,54,55,80,81,78,84,73,95,97,94,58,43,34,39,25,38,29,25,,111000,101000,128000,148000,158000,189000,241000,344000,421000,497000,581000,644000,742000,582000,599000,615000,622000,667000,6.9,-2.1,7.2,,56,74,83,90,87,131,134,242,218,246,,78399,87283,88658,99676,101131,107674,124565,117687,130349,126743,,1.9,3.3,4.9,3.7,1.3,1.7,1.7,1.3,2.8,4.1,,51,65,46,51,49,34,26,23,24,13,18,25,69,95,115,114,2,3,,17,21,15,17,16,11,8.5,7.2,6.9,3.2,4,5.2,13,17,20,20,0.4,0.5,,13,23,19,14,21,10,8,1,0,2,1,2,14,41,39,30,6,0,,4.2,7.5,6.2,4.6,6.9,3.3,2.6,0.3,0,0.5,0.2,0.4,2.7,7.5,6.9,5.4,1.1,0,,4,4,4,4,5,5,6,6,7,7,7,5,7,,4,4,4,4,4,4,4,4,3,3,2,2,2,,0,0,0,0,1,1,2,2,4,4,5,3,5,,1722,1670,1559,1635,1514,1418,1182,1718,1817,1743,3942,1762,,1722,1670,1559,1483,1309,1159,887,694,662,492,502,484,,0,0,0,152,205,259,295,1024,1155,1251,3440,1278,0.557292,0.470486
Cluster 8,8,Downtown,"Downtown, Chinatown, Penn Quarters, Mount Vernon Square, North Capitol Street",-77.02209478,38.89956882,,7587,8300,8609,13560,9.4,3.7,58,,23,18,21,10,-15,21,-23,,77,71,37,12,16,43,2.2,4.2,5.9,8.4,8.1,14,,11,10,13,15,,60,66,57,,18,15,12,19,14,17,16,15,11,11,7.1,13,9.9,10,,17,11,13,18,14,15,12,16,15,6.6,9.9,10,6.5,7.7,,27,36,33,26,37,37,45,,11,15,20,12,52,43,44,62,,51,44,34,16,,96,95,39,48,,45099,41013,56782,142881,-9.1,38,152,,3007,2814,2983,3517,3615,3674,3571,3212,2892,2760,2958,3242,3352,3376,,1070,1156,1233,1349,1387,1419,1270,1172,935,766,774,807,820,808,,54,50,41,42,28,26,27,25,22,21,19,22,,312,270,218,163,127,119,123,125,125,114,93,105,,3179,3135,3831,7543,,52,47,,7.2,7,6.5,6.7,,4.5,4.9,9.3,28,,5,3,1,1,7,1,2,1,2,1,2,0,2,1,0,0,0,1,,,,,,,,,,,,,,,,,,,,,,,,86,61,71,70,107,109,228,620,1492,795,,70390,67366,71327,95660,79725,126560,83246,115370,112576,129125,,0,2.7,7.1,0,1.3,1.3,1.2,1.3,5,1.7,,3,5,7,6,7,0,6,6,7,3,4,7,32,42,84,54,10,0,,4.4,7.3,10,8.7,10,0,8.7,8.2,9.5,2.3,1.7,2.4,10,11,21,12,2.2,0,,1,2,1,0,2,2,0,2,1,0,0,1,10,18,23,15,2,1,,1.5,2.9,1.5,0,2.9,2.9,0,2.7,1.4,0,0,0.3,3.2,4.6,5.9,3.2,0.4,0.2,,5,5,4,4,4,4,3,2,2,2,2,3,3,,3,4,3,3,3,3,2,2,2,2,2,2,2,,2,1,1,1,1,1,1,0,0,0,0,1,1,,1300,901,1209,1102,1005,925,671,535,622,753,1112,1169,,1136,783,1073,956,855,746,671,535,622,753,745,726,,164,118,136,146,150,179,0,0,0,0,367,443,0.476087,0.400000
Cluster 9,9,Southwest,"Southwest Employment Area, Southwest/Waterfront, Fort McNair, Buzzard Point",-77.02054511,38.87447762,,12332,11592,11779,11588,-6,1.6,-1.6,,19,15,15,13,-23,1.6,-16,,60,67,56,34,25,33,2.8,4.3,5.2,2.1,2.4,5.2,,4.8,8.8,10,13,,61,72,69,,16,16,15,18,11,8.5,13,13,14,16,12,9.9,12,7.8,,14,13,12,15,13,12,14,14,12,13,15,14,12,14,,21,20,22,19,47,42,44,,5.6,8.6,9.3,7.9,69,69,58,64,,17,15,19,7.1,,98,96,60,59,,85284,86937,66086,94339,1.9,-24,43,,1683,1636,1683,1846,2048,2017,1955,1844,1991,2143,2418,2576,2665,2646,,963,936,893,952,1049,1018,963,887,907,949,1001,981,965,964,,17,15,14,15,13,13,16,17,13,10,9.4,11,,67,68,55,48,43,46,50,43,37,34,34,36,,6451,6361,6965,6787,,52,49,,12,15,4.3,2.5,,28,37,33,42,,11,14,9,18,18,24,105,16,20,20,15,20,7,15,9,10,8,5,,298000,274000,,275000,276000,361000,497000,529000,421000,530000,476000,571000,,701000,,667000,,,,,,,26,43,49,59,95,64,71,104,158,54,,65773,75711,75401,84500,103314,91504,76781,88165,103184,106298,,7.4,3.8,2.2,1.2,1.4,1,0.4,3.2,5.2,5.4,,31,26,28,29,28,16,20,24,14,16,10,18,25,43,58,35,1,0,,16,14,15,15,15,8.3,10,12,7.2,8.2,4.4,8,9.4,16,22,13,0.4,0,,9,11,14,7,10,5,8,2,1,3,1,0,2,12,9,13,3,1,,4.7,5.7,7.3,3.6,5.2,2.6,4.2,1,0.5,1.5,0.4,0,0.8,4.5,3.4,4.7,1.1,0.3,,3,4,3,3,3,4,4,5,4,4,4,5,4,,3,3,3,3,3,3,3,3,2,2,2,3,2,,0,1,0,0,0,1,1,2,2,2,2,2,2,,1860,1610,1492,1421,1251,1158,924,837,701,625,1127,656,,1641,1610,1492,1421,1215,1122,852,765,629,546,517,572,,219,0,0,0,36,36,72,72,72,79,610,84,0.482379,0.425110
Cluster 10,10,Chevy Chase,"Hawthorne, Barnaby Woods, Chevy Chase",-77.06582973,38.97024242,,11915,11510,12724,11986,-3.4,11,-5.8,,21,19,18,23,-11,4.9,17,,9.4,11,11,84,78,77,3,4.5,6.2,3,5,5.4,,9.9,12,13,14,,14,12,7.3,,7,7,7.8,5.9,4,8.7,6.2,11,5.5,8.4,6.4,7,4.5,5.4,,0,2.3,0,0,0,0,0.5,0.6,0,0,0.6,0,0.8,0.7,,5.7,3.6,4.8,3.7,0.9,1.1,1.7,,2.5,2.6,2.5,2,59,65,59,63,,9.6,5.1,7.6,4.4,,99,96,83,83,,137821,177236,215973,254541,29,22,18,,39,35,30,36,45,42,46,36,38,46,73,83,103,119,,,,,,5,6,7,6,,,8,8,8,8,,1.3,1.9,1.4,1.3,1.6,0.7,1,0.4,0.7,0.4,0.8,1.3,,19,19,17,20,15,15,12,11,12,18,15,14,,4947,4839,4914,4967,,61,64,,2.4,6.4,2.6,5,,66,69,72,74,,130,152,193,235,225,137,144,169,178,133,138,136,152,112,117,132,111,62,,432000,417000,444000,458000,511000,549000,633000,713000,824000,877000,940000,956000,945000,933000,857000,878000,837000,848000,1.7,-2.2,1.3,,85,87,92,60,70,65,65,49,53,57,,145124,152159,158197,170709,192147,181863,185852,187254,204650,215324,,0.9,0.3,0.6,3.4,1.5,2.4,2.4,3.1,3.4,2.7,,9,11,10,11,5,5,2,5,5,7,5,3,5,15,24,17,0,0,,2.4,2.9,2.6,2.9,1.3,1.3,0.5,1.3,1.3,1.8,1.3,0.8,1.3,3.9,6.3,4.4,0,0,,2,3,2,1,2,0,0,0,1,0,1,1,0,2,8,1,1,1,,0.5,0.8,0.5,0.3,0.5,0,0,0,0.3,0,0.3,0.3,0,0.5,2.1,0.3,0.3,0.3,,1,1,1,1,1,1,1,1,1,1,1,1,1,,1,1,1,1,1,1,1,1,1,1,1,1,1,,0,0,0,0,0,0,0,0,0,0,0,0,0,,499,514,537,546,579,595,623,610,634,682,707,689,,499,514,537,546,579,595,623,610,634,682,707,689,,0,0,0,0,0,0,0,0,0,0,0,0,0.922958,0.915254
Cluster 11,11,Friendship Heights,"Friendship Heights, American University Park, Tenleytown",-77.08496217,38.95158338,,10914,10735,10490,12216,-1.6,-2.3,16,,16,16,19,19,1.2,14,18,,3.9,4.8,5.6,86,84,80,5.3,4.8,6.7,4.2,5.4,7.6,,15,17,17,15,,5.3,6.6,12,,6.7,4.8,6.4,8.2,6,5.3,4.7,6.5,7.5,4.8,9.9,5.6,4,6.5,,0,0,0,2.2,0,0.5,0,0,0,0.7,0.7,0,0,0,,5.9,6.5,3.5,5.8,2,0.9,2.7,,2.3,2.8,2.2,2,60,68,72,66,,13,5.2,3.8,2.2,,100,98,87,87,,135160,187529,241494,215289,39,29,-11,,44,38,43,38,44,55,69,68,65,81,102,120,117,119,,,0,8,,0,,6,,8,8,7,15,12,6,,5.3,6.5,6.1,4.9,4.2,3.7,4.1,4.7,2.9,3.8,4,3,,56,48,49,53,50,40,33,45,54,53,45,43,,4336,4345,4402,4846,,52,57,,2.3,3.4,3,0,,73,72,77,78,,159,141,170,237,228,147,136,158,172,160,148,114,146,138,122,131,120,60,,437000,430000,413000,449000,518000,575000,597000,713000,786000,900000,962000,903000,971000,904000,855000,846000,854000,835000,1.6,-3,-2.2,,66,95,85,72,81,75,64,71,98,62,,137529,145237,160223,176545,154628,179014,160948,188735,172172,178260,,1.1,1.1,0.6,3.9,1.2,2,0.4,2.5,1.3,1.2,,5,6,8,8,5,6,3,5,7,8,8,2,8,13,18,19,0,0,,1.3,1.5,2,2,1.3,1.5,0.8,1.2,1.7,2,1.9,0.5,1.8,3,4.1,4.4,0,0,,0,1,0,3,1,2,0,0,0,1,2,2,4,4,5,5,1,0,,0,0.3,0,0.8,0.3,0.5,0,0,0,0.2,0.5,0.5,0.9,0.9,1.1,1.1,0.2,0,,5,5,5,5,4,4,5,5,4,4,4,4,4,,5,5,5,5,4,4,4,4,4,4,4,4,4,,0,0,0,0,0,0,1,1,0,0,0,0,0,,3471,3373,3362,3219,3215,3133,3063,2956,3279,3465,3751,4049,,3471,3373,3362,3219,3215,3133,3063,2956,3279,3465,3751,4049,,0,0,0,0,0,0,0,0,0,0,0,0,0.936759,0.942688
Cluster 12,12,Van Ness,"North Cleveland Park, Forest Hills, Van Ness",-77.06110505,38.94823267,,14365,14978,14953,15550,4.3,-0.2,4,,8.4,9.2,9.7,8.9,15,5.5,-4.2,,6,7,7.1,82,79,75,7.2,6.8,7.5,4.2,7,10,,16,19,20,20,,10,12,10,,2.9,7.1,7.7,11,6.6,4.8,2.4,9.7,9.5,5.7,7.7,6.7,7.1,10,,0.1,0,0,0.7,0,0,0.6,0,0,0.7,0.7,0.7,0,0,,6.1,4.2,6.2,8.7,0,3.9,4,,3.2,1.6,1.7,3.6,64,73,76,73,,10,6.2,2.6,1.3,,99,96,73,67,,143234,196873,220225,217847,37,12,-1.1,,29,32,38,36,41,35,50,49,47,67,79,98,104,116,,,8,10,5,6,,6,13,9,11,12,16,18,17,,2.5,3.5,2.6,1.5,1.3,2,1.6,1.4,1.5,1.7,1.6,0.8,,30,27,26,29,25,21,18,20,20,21,17,20,,8731,9134,9263,9170,,45,44,,3.1,4.3,3.1,7.3,,30,36,37,36,,76,65,77,107,77,68,67,65,82,71,63,49,54,43,43,52,59,35,,477000,419000,462000,486000,560000,615000,733000,785000,917000,926000,988000,1077000,975000,916000,964000,909000,872000,860000,0.9,-2.5,-1.4,,62,90,95,94,105,87,95,96,116,75,,116192,115864,126254,133033,141778,134831,137611,151571,152698,144776,,0,0.7,0.4,2.8,1.1,0.6,0.9,0.3,0.7,1.8,,13,8,10,10,6,6,6,8,8,3,8,4,9,14,21,19,0,3,,3.5,2.1,2.7,2.7,1.6,1.6,1.6,2.1,2.1,0.8,2,1,2.3,3.5,5.3,4.8,0,0.8,,2,2,1,0,1,1,2,0,1,0,0,2,1,3,5,2,1,0,,0.5,0.5,0.3,0,0.3,0.3,0.5,0,0.3,0,0,0.5,0.3,0.8,1.3,0.5,0.3,0,,0,0,0,0,0,0,0,0,0,0,0,0,0,,0,0,0,0,0,0,0,0,0,0,0,0,0,,0,0,0,0,0,0,0,0,0,0,0,0,0,,0,0,0,0,0,0,0,0,0,0,0,0,,0,0,0,0,0,0,0,0,0,0,0,0,,0,0,0,0,0,0,0,0,0,0,0,0,0.895288,0.858639
Cluster 13,13,Palisades,"Spring Valley, Palisades, Wesley Heights, Foxhall Crescent, Foxhall Village, Georgetown Reservoir",-77.09910479,38.92683767,,14205,17418,18708,18558,23,7.4,-0.8,,15,13,13,16,6.6,7.1,25,,3.7,5,4.4,87,81,80,5.3,6.2,7.2,4.4,6,7.8,,12,18,20,18,,15,12,11,,3.7,9.6,9.6,4.4,9.2,7.4,6.2,8.2,8.1,7.6,6.3,9.3,5.7,5,,1.2,0.6,1.2,0.6,0,0,1.5,0.5,0.6,2.2,0.6,0,0.6,0,,6.3,7.1,7.2,8.3,4.2,2.5,0.8,,3.3,2.3,32,5.8,59,65,51,49,,6.8,4.6,2,1.9,,100,97,91,89,,199069,275447,311035,297054,38,13,-4.5,,21,19,16,21,24,26,17,16,17,23,25,52,91,99,,11,6,6,,5,9,0,0,0,0,,10,17,17,,0.9,1.2,0.9,0.5,0.5,0.5,0.8,0.6,0.4,0.5,0.5,0.4,,20,17,14,17,11,11,10,11,12,13,14,12,,5057,6424,6930,6757,,44,42,,2.8,4.8,3.1,3.7,,73,66,68,68,,143,187,236,264,274,173,199,212,212,188,189,141,147,106,123,138,169,83,,559000,525000,578000,573000,627000,668000,783000,937000,954000,995000,1077000,1096000,1155000,1176000,1116000,1213000,1046000,1014000,0.8,-2.6,-3,,59,81,89,85,77,82,81,86,85,60,,185481,188402,185683,197891,216963,198760,187889,205594,210046,245308,,1.6,1.6,1.3,3.5,1,1.1,0.4,1.5,1.5,1.5,,23,17,19,21,12,6,7,10,12,13,10,14,19,17,37,38,2,0,,3.7,2.8,3.1,3.4,1.9,1,1.1,1.6,1.9,2.1,1.6,2.2,3,2.7,5.8,6,0.3,0,,4,1,2,3,1,2,0,0,0,2,2,1,5,4,8,7,3,2,,0.6,0.2,0.3,0.5,0.2,0.3,0,0,0,0.3,0.3,0.2,0.8,0.6,1.3,1.1,0.5,0.3,,2,2,2,2,2,2,2,2,2,2,2,2,2,,2,2,2,2,2,2,2,2,2,2,2,2,2,,0,0,0,0,0,0,0,0,0,0,0,0,0,,425,449,462,468,508,533,562,596,612,639,676,661,,425,449,462,468,508,533,562,596,612,639,676,661,,0,0,0,0,0,0,0,0,0,0,0,0,0.901515,0.901515
Cluster 14,14,Glover Park,"Cathedral Heights, McLean Gardens, Glover Park",-77.0768935,38.9294466,,10389,11432,11142,11713,10,-2.5,5.1,,4.6,6.4,6.3,6.6,53,-3.8,10,,5.4,6.5,5.9,78,75,76,11,9.7,9,5.7,7.9,8.5,,14,24,27,22,,32,29,13,,3.6,8.3,5.6,3,6.5,6.4,9.3,5.3,10,11,10,2.8,4.9,5.8,,1.2,0,3.4,1,3.3,1.1,1.9,0,1.1,1,1.7,0.9,0,0,,9.7,7.8,13,7.9,4.6,10,0.2,,3,2.6,3.1,3.1,61,69,69,76,,8.1,5.9,3.5,4.5,,100,95,74,78,,132302,160519,136135,157349,21,-15,16,,51,38,41,40,53,44,49,40,45,76,94,109,128,117,,15,14,12,12,18,6,12,12,12,14,8,9,11,9,,2.2,1.6,1.7,0.6,1.2,0.8,0.7,0.5,0.9,0.9,0.4,1,,22,21,17,16,19,19,15,11,13,14,14,11,,6982,7456,7498,7533,,38,34,,2.7,4.6,1.8,7.9,,29,33,35,44,,26,15,16,32,17,17,20,30,20,20,14,14,14,14,14,5,13,4,,559000,630000,479000,465000,601000,722000,757000,846000,809000,1081000,1106000,1041000,943000,1112000,898000,,893000,,,,,,66,84,103,101,117,96,173,132,124,162,,86499,93950,86946,94898,94620,110460,87156,103268,105253,114557,,0.6,0,1.4,2.2,3,2.2,0.6,0.8,2.5,0.6,,12,4,10,3,6,2,9,4,3,4,1,6,12,16,413,19,1,0,,3.7,1.2,3,0.9,1.8,0.6,2.7,1.2,0.9,1.1,0.3,1.7,3.4,4.5,116,5.3,0.3,0,,1,1,0,0,2,0,1,0,1,0,0,1,1,4,8,5,4,0,,0.3,0.3,0,0,0.6,0,0.3,0,0.3,0,0,0.3,0.3,1.1,2.2,1.4,1.1,0,,1,1,1,1,2,2,2,2,2,1,1,1,1,,1,1,1,1,1,1,1,1,1,1,1,1,1,,0,0,0,0,1,1,1,1,1,0,0,0,0,,225,228,213,425,312,410,566,501,285,324,347,368,,225,228,213,212,211,232,259,296,285,324,347,368,,0,0,0,213,101,178,307,205,0,0,0,0,0.896154,0.873077
Cluster 15,15,Cleveland Park,"Cleveland Park, Woodley Park, Massachusetts Avenue Heights, Woodland-Normanstone Terrace",-77.06249659,38.92882114,,11907,12386,12306,12829,4,-0.6,4.2,,13,11,11,12,-10,-3.8,18,,5.8,7.7,4.4,82,80,80,8.3,6.7,7.6,3.4,5.2,7.4,,16,20,17,15,,10,13,12,,10,4.3,6.9,1.1,9.2,5.2,3.9,5.5,8.3,8.1,6.4,3.9,5,7.8,,1,1.8,1,1.1,0.8,0,0.8,0,0,2.2,0,0.8,0,0,,6.8,4.5,4.7,8.9,0.4,0.5,0,,3,2.6,1.7,2.5,68,72,71,71,,9.4,7.6,7.6,2.7,,99,95,78,73,,165661,257177,278572,291000,55,8.3,4.5,,41,36,39,35,43,46,43,42,35,38,49,60,59,72,,6,9,11,13,8,7,8,5,,,7,6,5,5,,3.1,4.9,3.1,2.6,2.6,2.8,2.4,2.6,2.5,2.4,2.5,3,,45,38,33,37,29,26,25,26,30,33,28,31,,6135,6277,6329,6585,,50,44,,4.1,5.9,0.6,0.6,,40,42,47,45,,57,67,89,116,94,104,74,67,83,80,62,67,61,55,73,69,67,34,,595000,543000,597000,680000,767000,803000,906000,1076000,1039000,1223000,1368000,1344000,1295000,1032000,1193000,1274000,1127000,1148000,0.6,-2.4,1.8,,53,91,81,80,74,72,80,83,78,87,,145778,137389,136959,153715,166251,177597,144011,163364,151670,181043,,0.6,0.6,0.7,1.8,0.8,1.6,1.8,0.7,0.4,0.7,,8,4,5,6,4,3,1,0,3,2,3,0,4,10,9,11,0,0,,2.6,1.3,1.6,2,1.3,1,0.3,0,0.9,0.6,0.9,0,1.2,2.9,2.6,3.2,0,0,,3,1,1,1,0,1,0,1,0,1,1,0,0,5,1,3,0,0,,1,0.3,0.3,0.3,0,0.3,0,0.3,0,0.3,0.3,0,0,1.5,0.3,0.9,0,0,,2,3,3,3,3,3,3,3,3,3,3,3,3,,2,3,3,3,3,3,3,3,3,3,3,3,3,,0,0,0,0,0,0,0,0,0,0,0,0,0,,935,967,957,964,966,993,891,924,954,1035,1069,1066,,935,967,957,964,966,993,891,924,954,1035,1069,1066,,0,0,0,0,0,0,0,0,0,0,0,0,0.913876,0.875598
Cluster 16,16,Shepherd Park,"Colonial Village, Shepherd Park, North Portal Estates",-77.03784271,38.98535559,,5101,4485,4030,3957,-12,-10,-1.8,,25,18,18,18,-36,-11,-0.6,,72,72,69,25,20,24,0.9,4.9,5.1,1.5,1.3,1.8,,6.2,6.1,12,9.3,,25,32,12,,7.1,32,32,7.9,2.6,17,11,18,12,14,3.4,0,5.9,6.1,,7.1,2.6,3.2,2.6,5.1,2.8,0,4.5,4.8,2,3.4,0,2.9,3,,3.2,2.4,4.9,3.8,0,6.9,0,,5.3,3.8,3.9,3.5,65,66,63,62,,11,7,3.8,4.5,,99,97,90,92,,160722,178706,184793,180800,11,3.4,-2.2,,63,58,64,73,78,94,93,102,103,154,181,204,209,195,,29,27,31,34,36,54,33,37,37,42,44,56,51,54,,5,5.2,2.5,5.2,4.2,5.3,5.3,6,6.8,3,4.8,2.8,,37,42,43,45,28,31,27,35,35,44,35,34,,1696,1624,1633,1620,,74,75,,2.2,6.7,10,15,,87,90,90,88,,44,42,49,74,68,64,38,55,50,56,33,42,25,27,24,32,34,18,,376000,384000,339000,347000,400000,438000,551000,569000,686000,749000,791000,822000,734000,717000,724000,666000,620000,739000,2.6,0.1,19,,30,57,61,58,35,51,42,45,39,41,,144877,129446,154434,148787,169592,172338,145096,184073,192373,216798,,0,5.6,7.2,8.6,1.8,0,7.4,12,11,15,,9,12,22,18,17,15,17,16,19,12,11,8,11,31,36,17,0,0,,5.6,7.5,14,11,11,9.4,11,10,12,7.5,6.9,5,6.9,19,23,11,0,0,,0,2,6,3,2,3,1,0,1,2,0,1,2,3,1,7,0,0,,0,1.3,3.8,1.9,1.3,1.9,0.6,0,0.6,1.3,0,0.6,1.3,1.9,0.6,4.4,0,0,,1,1,1,1,1,1,1,1,1,1,1,1,1,,1,1,1,1,1,1,1,1,1,1,1,1,1,,0,0,0,0,0,0,0,0,0,0,0,0,0,,356,354,351,327,324,327,312,355,331,352,331,314,,356,354,351,327,324,327,312,355,331,352,331,314,,0,0,0,0,0,0,0,0,0,0,0,0,0.755814,0.732558
Cluster 17,17,Takoma,"Takoma, Brightwood, Manor Park",-77.02174509,38.96979233,,20634,19428,18441,19455,-5.8,-5.1,5.5,,21,19,19,19,-17,-2.1,5.8,,86,80,68,6.6,6.2,11,5.3,13,18,1.1,0.7,1.9,,6.9,12,20,25,,44,44,46,,13,7.8,12,7.9,13,14,7.6,9.5,9.2,5.8,9.8,8.9,7.9,6.5,,14,12,9.4,8.3,9.5,7.4,11,7.7,7.4,7,9.5,7.8,7.1,6.1,,7.9,7.6,12,13,7.9,17,18,,5.3,6,6.7,12,63,64,59,62,,28,23,23,17,,98,96,74,72,,86083,89758,87110,81956,4.3,-3,-5.9,,1270,1228,1176,1335,1528,1626,1766,1772,1932,2448,3092,3801,4230,4292,,652,646,646,656,696,691,737,696,746,838,947,1025,1131,1094,,9.1,7.6,11,14,12,10,10,13,9.9,11,7.7,7.6,,39,43,48,44,37,36,27,31,34,31,32,34,,8191,8108,7822,8067,,67,59,,2.2,3.2,5.5,6.1,,48,51,52,49,,118,119,144,177,184,158,144,171,172,188,161,159,109,80,72,79,107,73,,201000,188000,185000,183000,180000,226000,241000,272000,335000,395000,464000,490000,481000,419000,457000,371000,388000,373000,3.2,-5,-3.8,,23,34,41,46,44,49,46,56,66,62,,72230,67328,77385,81738,89593,80614,88282,97441,110093,118097,,3,8.3,8.1,8.6,2.9,4.3,8,4.7,14,14,,33,43,83,73,92,65,61,62,60,41,33,42,57,119,149,142,1,2,,7.3,9.5,18,16,20,14,13,14,13,9,7.1,9,12,25,32,30,0.2,0.4,,8,6,25,17,28,18,22,8,3,2,1,4,14,25,46,37,10,0,,1.8,1.3,5.5,3.8,6.2,4,4.9,1.8,0.7,0.4,0.2,0.9,3,5.3,9.8,7.9,2.1,0,,7,8,7,7,7,7,8,9,9,10,8,7,10,,3,3,3,3,3,3,3,3,3,4,3,3,3,,4,5,4,4,4,4,5,6,6,6,5,4,7,,2759,2645,2675,2644,2644,2742,2712,2757,3039,2778,2473,3321,,1788,1734,1589,1463,1432,1385,1341,1335,1439,1405,1199,1195,,971,911,1086,1181,1212,1357,1371,1422,1600,1373,1274,2126,0.587852,0.563991
Cluster 18,18,Petworth,"Brightwood Park, Crestwood, Petworth",-77.02936842,38.94911964,,43532,40551,39233,39924,-6.8,-3.3,1.8,,21,19,22,20,-15,14,-9.3,,88,77,61,5.8,5.4,13,4.8,16,24,0.5,0.9,1.8,,6.2,11,20,22,,54,46,44,,12,13,7.3,12,11,9.8,8.6,11,11,11,7.9,7.8,9.3,7.5,,17,13,14,15,14,13,13,12,13,12,12,9.3,10,7.2,,12,10,15,14,12,20,19,,6.3,7.5,8,13,58,61,53,60,,38,32,29,19,,98,96,67,70,,79020,81213,85492,88437,2.8,5.3,3.4,,4398,4001,3951,4394,4701,4960,5110,5086,5415,6975,8632,10024,10777,11018,,2365,2256,2331,2316,2403,2434,2345,2117,2176,2493,2748,2882,3071,3101,,12,9.5,12,15,13,13,12,15,14,13,13,9.1,,41,38,46,38,36,35,31,34,30,30,31,31,,15672,15084,14688,14960,,64,61,,3.4,5.2,7.8,7.4,,53,56,56,54,,312,331,388,514,484,371,404,371,368,535,481,370,282,153,186,206,273,183,,174000,163000,169000,165000,177000,186000,209000,255000,320000,389000,482000,502000,507000,442000,436000,448000,425000,389000,4.3,-5.2,-8.6,,29,36,38,43,45,45,53,76,86,81,,66945,68383,70840,79068,82302,89999,101320,103852,126215,123135,,9.4,14,11,7.3,5.3,3.4,5.3,9.1,18,16,,136,152,237,250,220,191,166,184,174,124,86,123,186,352,447,342,125,6,,15,16,25,27,23,20,18,20,19,13,9,13,19,35,45,34,12,0.6,,50,42,79,100,112,74,43,37,3,2,6,8,46,122,117,100,28,6,,5.3,4.5,8.4,11,12,7.9,4.6,3.9,0.3,0.2,0.6,0.8,4.7,12,12,9.9,2.7,0.6,,14,14,16,17,16,18,17,19,19,18,19,21,20,,12,12,13,13,13,13,12,12,10,10,10,10,10,,2,2,3,4,3,5,5,7,9,8,9,11,10,,5599,5632,5692,5014,4563,4339,4492,4687,4858,5614,6667,6414,,5012,5072,4807,4499,3861,3622,3496,3274,3242,3657,3733,4054,,587,560,885,515,702,717,996,1413,1616,1957,2934,2360,0.584779,0.546924
Cluster 19,19,Lamond Riggs,"Lamond Riggs, Queens Chapel, Fort Totten, Pleasant Hill",-77.00116144,38.95504902,,13105,13768,12069,13206,5.1,-12,9.4,,20,15,14,15,-24,-15,12,,80,79,70,16,16,17,2,2.1,11,0.9,2.1,1.6,,2.3,3.4,7.5,16,,54,51,43,,22,17,12,11,9.8,12,12,9.8,9.8,14,10,10,9.4,7.7,,9.4,11,14,14,15,8,9.2,6,11,11,12,12,12,11,,8.1,7.5,10,14,5.7,10,21,,5.8,7.2,20,9.1,65,57,49,50,,26,19,18,17,,99,99,76,73,,80047,80709,78880,75912,0.8,-2.3,-3.8,,865,772,816,947,1116,1194,1133,1181,1404,1667,2025,2544,2707,2753,,470,470,506,551,603,578,496,513,586,638,661,746,745,715,,5.9,7.1,7,14,7.7,8.9,10,9.9,9.1,10,6.4,6.1,,26,37,37,36,36,29,23,26,26,24,26,23,,4716,5010,4887,5101,,64,55,,0.6,5,5.8,3.7,,55,50,52,53,,71,69,65,104,86,70,74,89,65,103,94,80,61,33,34,25,41,29,,165000,161000,163000,161000,154000,171000,182000,194000,226000,298000,365000,387000,377000,323000,308000,287000,275000,244000,2.3,-8.4,-12,,17,26,26,26,30,33,26,46,59,67,,48741,51225,51142,51574,63639,61223,66770,86088,88202,92683,,10,21,2.8,5,6,2.5,8.6,10,23,19,,14,20,33,48,44,36,30,39,42,29,27,22,52,74,92,89,2,0,,5,7.2,12,17,16,13,11,14,15,10,9.7,7.7,18,26,32,31,0.7,0,,7,4,7,19,20,9,14,9,4,1,1,1,6,28,26,23,6,1,,2.5,1.4,2.5,6.8,7.2,3.2,5,3.2,1.4,0.4,0.4,0.4,2.1,9.7,9.1,8,2.1,0.3,,5,5,6,5,6,6,5,7,7,5,4,4,5,,4,4,4,4,4,3,3,3,2,2,2,2,2,,1,1,2,1,2,3,2,4,5,3,2,2,3,,1076,1476,1020,1311,1109,1099,1337,1531,1241,1067,967,1495,,1039,1050,981,812,620,574,506,444,404,383,399,384,,37,426,39,499,489,525,831,1087,837,684,568,1111,0.573844,0.540023
Cluster 20,20,Michigan Park,"North Michigan Park, Michigan Park, University Heights",-76.98754401,38.94241744,,11106,9718,9576,8875,-12,-1.5,-7.3,,20,16,20,16,-31,24,-24,,84,86,81,14,9.5,12,1.5,4,4.5,0.7,0.6,1.5,,3.6,4.7,6.1,8,,40,44,44,,16,10,12,11,14,7.1,8.4,15,14,18,11,2.7,6.3,7.6,,8,14,11,11,14,7.1,8.4,9.5,19,7.9,11,13,6.1,13,,7.8,4.4,8.7,11,3.3,11,14,,4.4,4.8,9.1,16,63,63,51,49,,25,21,19,12,,99,99,86,84,,84530,101989,90087,87062,21,-12,-3.4,,418,409,403,484,581,617,638,681,758,923,1068,1319,1384,1326,,284,279,267,273,275,313,305,286,336,332,388,428,414,381,,7.1,7.9,7.4,6.7,6.3,9.5,9.3,9.4,6.9,6.6,7,5.7,,28,33,32,32,28,33,29,27,29,28,28,32,,3803,3786,3758,3712,,75,72,,0.8,3.8,13,15,,76,79,79,76,,97,96,93,104,80,98,68,73,96,105,95,79,81,53,55,76,54,38,,179000,181000,170000,176000,180000,190000,203000,233000,270000,343000,399000,449000,432000,379000,371000,375000,309000,342000,3.9,-4.6,11,,24,27,26,31,24,26,39,45,46,45,,56824,55610,62318,69223,64707,72553,79211,81748,99887,103527,,2.3,15,9.3,0,2,4.2,14,9.9,18,13,,28,22,25,43,51,57,50,39,43,41,26,36,41,62,73,84,0,0,,8.4,6.6,7.5,13,15,17,15,12,13,12,7.7,11,12,18,21,24,0,0,,6,9,4,10,14,11,16,9,1,2,3,1,8,27,15,20,4,4,,1.8,2.7,1.2,3,4.2,3.3,4.8,2.7,0.3,0.6,0.9,0.3,2.3,7.9,4.4,5.8,1.2,1.2,,2,2,2,2,2,3,3,3,5,5,5,6,4,,2,2,2,2,2,2,2,2,1,1,1,1,1,,0,0,0,0,0,1,1,1,4,4,4,5,3,,765,773,629,536,596,598,625,1149,1242,1292,1462,1171,,765,773,629,536,515,500,515,386,359,347,304,274,,0,0,0,0,81,98,110,763,883,945,1158,897,0.592437,0.590336
Cluster 21,21,Edgewood,"Edgewood, Bloomingdale, Truxton Circle, Eckington",-77.005793,38.92512765,,24088,20862,18429,19481,-13,-12,5.7,,23,22,24,16,-20,-3.1,-30,,90,92,70,7.1,4,20,1.8,3.7,7,0.6,0.2,2.3,,2.9,3.6,5.5,11,,58,63,65,,19,20,15,15,12,9.6,14,11,12,13,7.7,12,10,12,,23,24,22,19,17,17,13,9.6,11,12,10,13,10,6,,23,17,23,17,20,31,17,,8.7,11,15,14,52,57,49,63,,51,38,31,18,,96,97,57,68,,58262,66251,62996,91520,14,-4.9,45,,3464,3298,3281,3600,3913,3908,3571,3441,3520,4040,4425,5080,5040,5006,,1989,1802,1800,1745,1877,1809,1622,1468,1467,1533,1509,1598,1492,1429,,19,21,18,18,17,18,18,15,14,16,14,14,,43,47,48,58,52,43,36,51,42,39,39,43,,7728,7550,7018,8073,,62,57,,5.1,8.8,13,14,,41,44,45,49,,132,142,200,309,304,225,243,244,231,257,205,152,131,65,75,84,184,88,,127000,135000,130000,145000,145000,174000,183000,258000,317000,383000,466000,482000,464000,415000,425000,393000,413000,410000,4.8,-2.5,-0.8,,27,40,49,56,60,70,78,101,110,96,,55272,61752,60773,69048,70674,79885,81808,91733,109401,115046,,21,39,22,15,9.3,7.9,5.8,11,22,12,,61,98,121,146,152,140,114,90,86,65,34,55,115,160,203,169,67,4,,16,26,32,38,40,37,30,23,22,16,8.4,13,27,36,46,38,14,0.8,,16,23,54,73,76,59,61,29,3,3,5,8,37,70,47,57,16,3,,4.2,6,14,19,20,15,16,7.6,0.8,0.8,1.2,1.9,8.5,16,11,13,3.4,0.6,,10,10,9,8,11,12,14,15,13,12,12,12,9,,7,7,7,7,8,8,8,8,5,5,5,4,4,,3,3,2,1,3,4,6,7,8,7,7,8,5,,3143,3064,2996,3560,3794,4371,4887,4711,4641,4671,3870,3658,,2413,2427,2299,2516,2535,2643,2671,2207,1951,1871,1638,1618,,730,637,697,1044,1259,1728,2216,2504,2690,2800,2232,2040,0.533708,0.520599
Cluster 22,22,Brookland,"Brookland, Brentwood, Langdon",-76.98081653,38.92693035,,11507,10065,8906,8459,-13,-12,-5,,26,23,25,22,-21,-6.1,-16,,89,88,78,8.2,7.3,14,1.7,2.6,6.1,0.7,0.8,1.5,,2.6,3.4,3.6,11,,56,46,67,,17,13,7.1,15,19,9.2,12,17,15,9.5,14,9.6,14,20,,19,24,20,20,25,13,18,17,14,20,26,17,17,13,,20,16,21,23,23,33,32,,6.4,10,12,12,56,54,49,55,,38,34,26,18,,98,97,67,69,,64583,71219,77515,81931,10,8.8,5.7,,1262,1338,1476,1688,1873,2029,2021,1943,2026,2302,2494,2803,3113,3158,,825,902,970,975,1098,1195,1150,1027,970,1042,1042,1052,1139,1114,,21,17,21,19,18,23,20,22,24,18,15,17,,67,64,61,69,69,65,62,62,57,53,60,63,,4007,3620,3250,3284,,63,59,,4.1,5.8,6.1,9.7,,47,53,57,58,,52,71,83,110,91,89,70,82,94,109,83,60,66,31,34,50,47,35,,154000,151000,156000,176000,161000,166000,204000,240000,292000,349000,456000,453000,441000,410000,384000,390000,392000,399000,5.2,-2,1.7,,24,31,29,33,33,50,45,61,67,71,,61809,63090,58915,57691,65783,66160,77473,84227,99184,107696,,10,7.3,15,8.7,6.2,4.8,13,10,14,18,,21,30,34,53,54,44,44,43,40,33,22,35,45,60,87,73,0,0,,9.7,14,16,25,25,20,20,20,18,15,9.9,16,20,27,38,32,0,0,,8,15,13,11,21,22,13,8,2,2,0,5,13,17,27,16,4,2,,3.7,6.9,6,5.1,9.7,10,6,3.7,0.9,0.9,0,2.2,5.8,7.6,12,7,1.7,0.9,,2,2,2,1,3,2,3,4,4,3,3,3,3,,2,2,2,1,3,2,3,3,2,2,2,2,2,,0,0,0,0,0,0,0,1,2,1,1,1,1,,744,733,395,646,499,756,751,854,980,972,1055,1014,,744,733,395,646,499,756,691,672,715,689,645,648,,0,0,0,0,0,0,60,182,265,283,410,366,0.510814,0.520082
Cluster 23,23,Ivy City,"Ivy City, Arboretum, Trinidad, Carver Langston",-76.98654136,38.90762315,,19210,17270,13909,14510,-10,-19,4.3,,25,26,25,21,-6.8,-21,-13,,96,92,87,3.1,5.1,7.1,0.4,1.3,4.1,0.3,0.9,1,,2.4,1.9,3.5,5.4,,66,73,67,,22,20,16,13,11,14,16,14,16,15,13,14,15,11,,23,20,19,26,18,21,17,15,22,19,25,21,18,20,,25,23,31,32,31,45,43,,7.8,11,18,21,51,53,43,50,,57,48,39,27,,94,97,49,50,,45861,50306,49107,48388,9.7,-2.4,-1.5,,3496,3559,3716,4335,5087,5236,4982,4824,5268,5964,6460,7016,7185,7329,,2132,2116,2178,2360,2798,2660,2500,2224,2348,2366,2216,2293,2312,2345,,34,32,29,37,30,34,29,29,27,22,22,19,,62,65,67,78,84,68,66,70,62,61,51,58,,7335,7021,5559,5973,,62,55,,2.8,5.5,9.7,9,,22,23,28,26,,68,61,64,127,110,79,98,106,88,109,143,88,55,26,21,52,59,40,,109000,110000,105000,102000,101000,107000,125000,143000,178000,228000,321000,349000,348000,334000,289000,244000,214000,211000,3.9,-9.6,-1.8,,11,17,25,28,32,40,40,55,68,48,,47704,51186,55723,55667,54652,61634,70993,73395,85175,95690,,37,47,37,18,11,9.2,12,14,29,28,,32,49,71,74,83,75,80,71,70,44,28,32,49,92,127,119,0,0,,16,25,36,37,42,38,40,36,35,22,14,16,24,44,59,55,0,0,,12,12,25,40,39,44,41,27,7,7,6,5,22,29,31,44,10,1,,6.1,6.1,13,20,20,22,21,14,3.5,3.5,3,2.5,11,14,14,20,4.5,0.4,,9,10,10,9,10,10,10,10,9,9,9,8,8,,9,10,10,9,9,10,10,10,8,8,8,7,7,,0,0,0,0,1,0,0,0,1,1,1,1,1,,2970,2852,2482,2417,2355,2166,1990,2060,2288,2291,2172,1996,,2970,2852,2482,2195,2355,2166,1990,1841,2090,2063,1890,1766,,0,0,0,222,0,0,0,219,198,228,282,230,0.433613,0.375630
Cluster 24,24,Woodridge,"Woodridge, Fort Lincoln, Gateway",-76.96182445,38.92863994,,12022,11876,11348,11723,-1.2,-4.4,3.3,,21,18,19,17,-15,0.5,-7.5,,94,94,87,3.6,2.2,5.5,0.9,2.8,5.8,0.2,0.8,1.2,,1,3.2,3.5,5.8,,42,52,38,,15,13,10,14,16,9.3,8.7,18,16,10,11,8,11,5.4,,13,9.7,12,17,11,9.4,15,15,11,10,7.5,7.2,7.2,9,,10,11,15,13,7.8,13,14,,7.6,8.7,12,16,51,52,45,52,,35,31,27,16,,99,98,74,72,,87690,83898,85450,97305,-4.3,1.8,14,,1095,960,1031,1215,1387,1452,1402,1370,1558,1900,2134,2603,2786,2803,,501,484,557,562,655,656,608,547,555,570,632,695,710,735,,14,15,13,17,13,16,13,12,9.4,10,9.5,11,,61,75,62,66,60,58,47,54,50,53,51,55,,4402,4808,4865,4919,,71,65,,3.5,5.7,2.3,3.5,,69,64,62,59,,99,90,99,121,97,95,103,108,131,130,144,116,170,87,76,70,64,50,,167000,175000,157000,163000,167000,187000,189000,218000,279000,316000,446000,472000,507000,474000,449000,417000,346000,280000,2.5,-11,-19,,28,34,31,37,35,43,46,53,69,79,,60591,56389,59549,65179,65686,67689,84576,83853,97029,104591,,9.5,24,23,21,8.8,8,11,12,22,20,,38,61,69,74,87,79,69,72,62,49,50,56,63,134,139,119,2,0,,10,17,19,20,24,21,19,20,17,13,13,14,16,34,35,30,0.5,0,,10,16,18,19,34,16,22,17,3,1,5,8,17,41,41,31,16,1,,2.7,4.3,4.9,5.2,9.2,4.3,6,4.6,0.8,0.3,1.3,2,4.3,10,10,7.9,4.1,0.3,,6,6,8,9,9,9,9,8,7,6,6,5,7,,5,5,6,6,6,6,6,5,3,3,3,3,3,,1,1,2,3,3,3,3,3,4,3,3,2,4,,1545,2212,2260,2409,2491,2349,2330,2223,2025,2069,1252,2886,,1151,1509,1415,1418,1250,1068,986,900,849,888,861,791,,394,703,845,991,1241,1281,1344,1323,1176,1181,391,2095,0.553350,0.545906
Cluster 25,25,Kingman Park,"NoMa, Union Station, Stanton Park, Kingman Park",-76.98783609,38.89931866,,33857,30458,27370,29295,-10,-10,7,,21,17,18,15,-29,-4.6,-11,,70,67,43,27,29,49,1.8,2.5,4.3,0.6,1.5,3.2,,2.9,3.2,4.9,7.3,,55,56,38,,14,15,10,16,10,11,11,10,8.5,10,9.4,8.7,9.1,11,,17,15,16,8.3,10,11,12,7.3,9.9,7.2,7,5.5,5.4,4.3,,19,14,17,14,18,28,21,,8.7,8.1,9.4,6.9,56,65,61,72,,44,29,21,9,,98,97,69,73,,65004,84050,89673,129089,29,6.7,44,,4306,4086,4609,5558,6324,6400,5889,5736,6024,6907,7524,7915,7853,7712,,2159,2148,2182,2268,2291,2209,1959,1668,1525,1617,1656,1679,1632,1557,,22,22,21,22,19,17,18,17,16,15,12,14,,63,80,70,73,82,70,68,61,60,56,48,55,,12541,12460,12558,13541,,52,52,,6.1,6.6,5.9,3.2,,45,48,50,53,,288,336,385,528,534,451,436,420,420,477,500,372,298,211,221,276,318,167,,156000,138000,143000,159000,174000,192000,242000,319000,361000,431000,553000,529000,539000,512000,507000,531000,501000,526000,5.1,-0.5,4.9,,38,59,71,73,69,77,84,105,102,89,,63832,73967,72074,86429,93843,104381,103760,108688,119817,131196,,9,11,6.4,6.8,4,3.1,4.3,5.8,11,11,,112,130,156,176,194,152,166,154,132,85,70,80,146,222,220,651,1,1,,15,17,20,23,25,20,22,20,17,11,8.9,10,18,27,26,76,0.1,0.1,,35,57,72,77,78,74,63,50,4,15,12,13,32,84,75,523,12,2,,4.5,7.4,9.3,10,10,9.6,8.2,6.5,0.5,1.9,1.5,1.6,4,10,8.7,61,1.4,0.2,,17,17,16,15,15,15,15,15,15,13,14,17,17,,13,12,12,10,11,11,11,12,12,10,11,11,11,,4,5,4,5,4,4,4,3,3,3,3,6,6,,5689,5132,5549,5161,4765,4648,5064,4313,3571,3911,4771,5105,,4244,4081,3772,3808,3381,3259,3698,3268,2647,2774,3000,3282,,1445,1051,1777,1353,1384,1389,1366,1045,924,1137,1771,1823,0.547465,0.501382
Cluster 26,26,South Capitol Hill,"Capitol Hill, Lincoln Park",-76.98840223,38.884546,,21117,19849,18489,20909,-6,-6.9,13,,15,12,11,11,-25,-15,17,,51,46,35,46,48,56,1.7,3.1,5.2,1.3,2.4,3.4,,3,4.8,5.6,8.1,,42,36,20,,9.5,11,6.9,8.1,7.2,7.9,7.3,8.9,8.3,8.7,11,6.2,8.7,9.4,,11,11,7.5,8.1,3.3,4.7,3.3,3.9,2.6,2.2,3.8,5.1,2.2,3.5,,16,10,13,6,16,21,8,,4.9,4.5,4.8,4,63,63,63,67,,33,21,14,9.2,,98,96,75,77,,87350,117819,131428,186314,35,12,42,,1324,1090,956,899,936,910,903,931,1034,1146,1296,1385,1369,1584,,484,522,472,447,492,467,376,352,368,405,445,420,471,662,,11,13,13,12,8.7,9.3,8.4,8.7,9.5,9.7,7.3,5.8,,52,70,55,48,45,42,35,43,48,47,38,39,,8281,7637,8221,8324,,43,41,,5.9,11,6,4.5,,44,51,52,57,,162,210,230,316,300,246,252,263,238,267,267,198,173,159,166,168,190,92,,197000,207000,214000,222000,228000,275000,367000,425000,478000,624000,654000,677000,627000,593000,620000,651000,602000,599000,3.5,-0.9,-0.4,,43,65,69,66,65,76,70,79,83,71,,80444,83616,87035,107195,112347,112223,117534,132613,153392,156269,,4.3,3.9,1.8,5.1,4.8,2.3,1.2,2.4,5.1,5.8,,45,56,49,74,66,68,40,49,38,27,25,21,40,62,68,64,0,1,,10,13,11,17,15,16,9.1,11,8.5,6,5.4,4.5,8.4,13,14,13,0,0.2,,11,22,15,25,19,29,16,4,0,1,3,2,7,20,17,17,4,1,,2.5,5,3.4,5.7,4.3,6.6,3.6,0.9,0,0.2,0.6,0.4,1.5,4.2,3.5,3.5,0.8,0.2,,5,5,5,7,7,8,9,8,7,7,7,7,7,,5,5,5,7,7,8,8,7,5,5,5,5,5,,0,0,0,0,0,0,1,1,2,2,2,2,2,,2045,2001,1974,1885,1841,1876,1772,1725,1812,1950,2056,2129,,2045,2001,1974,1885,1841,1650,1547,1279,1385,1509,1566,1649,,0,0,0,0,0,226,225,446,427,441,490,480,0.584431,0.592814
Cluster 27,27,Navy Yard,"Near Southeast, Navy Yard",-76.99421746,38.87560302,,6273,5040,4633,5705,-20,-8.1,23,,33,27,34,13,-35,14,-51,,85,89,46,13,7.2,44,0.8,3,5.5,0.7,0.5,4.7,,1.4,1.4,3.6,8.2,,79,81,74,,18,17,21,9.7,14,9.4,18,17,16,12,15,6.1,12,9.2,,15,21,21,23,20,20,25,21,16,29,13,7.3,10,8.3,,43,42,50,34,56,67,59,,16,15,22,14,43,51,36,60,,62,46,44,17,,92,98,30,50,,37171,43360,37779,77952,17,-13,106,,2003,1882,1774,1808,1553,1200,1115,1034,1072,1101,1211,1407,1483,1563,,1142,1144,1002,996,892,724,609,554,529,507,500,522,534,524,,40,37,39,36,25,22,16,17,15,14,13,10,,135,149,117,83,73,60,66,58,51,55,51,53,,2117,1891,1974,3172,,53,50,,4.2,6,3.9,9,,15,17,17,34,,21,22,32,31,38,41,39,40,33,30,23,24,16,16,48,53,57,20,,109000,110000,134000,120000,131000,160000,147000,285000,330000,374000,510000,514000,544000,493000,568000,708000,766000,514000,6.1,-1.1,-33,,41,33,41,68,53,68,52,62,56,237,,92963,64540,62450,73905,99197,81928,85351,113483,115945,122641,,4.5,13,32,7.1,7,8.3,6,5.3,5.6,5.7,,8,10,10,17,17,17,17,15,15,3,8,6,9,18,29,13,0,1,,15,19,19,32,32,32,32,28,28,5.6,15,9.3,14,20,32,13,0,0.9,,7,6,5,6,11,7,10,9,0,0,0,0,0,9,6,4,1,0,,13,11,9.4,11,21,13,19,17,0,0,0,0,0,9.9,6.6,4.1,0.9,0,,3,4,4,5,5,6,5,4,3,4,5,4,4,,1,1,1,1,1,1,0,0,0,0,0,0,0,,2,3,3,4,4,5,5,4,3,4,5,4,4,,1501,1546,1683,1686,1789,1985,1812,1487,1611,1781,472,1496,,273,249,176,150,76,0,0,0,0,0,0,0,,1228,1297,1507,1536,1713,1985,1812,1487,1611,1781,472,1496,0.500000,0.365385
Cluster 28,28,Anacostia,Historic Anacostia,-76.98398044,38.86323576,,6394,5689,4873,4876,-11,-14,0.1,,37,32,36,32,-22,-3.6,-11,,96,97,97,2.9,2.1,1.3,0.8,0.4,0.9,0,0.2,0.2,,1.6,1.8,1.3,3.5,,71,78,73,,20,17,19,14,18,15,18,14,19,15,21,16,17,12,,23,28,20,19,20,16,12,19,20,27,22,22,15,17,,32,33,38,44,44,50,61,,11,14,22,17,53,51,45,45,,44,48,33,25,,96,94,49,48,,45733,44635,39636,34195,-2.4,-11,-14,,2050,1993,2211,2471,2742,2779,2778,2729,2940,3384,3677,4049,4352,4492,,1370,1374,1485,1685,1840,1753,1677,1511,1511,1582,1573,1543,1643,1675,,24,23,25,24,19,21,22,31,30,16,25,25,,45,47,44,44,47,36,38,49,38,48,38,47,,1954,1974,1726,1864,,56,60,,14,12,14,9.6,,24,24,26,21,,20,18,24,38,42,31,32,21,18,42,49,37,23,18,9,10,13,11,,92000,111000,103000,88000,95000,102000,126000,152000,153000,182000,250000,303000,313000,280000,,216000,204000,101000,-4,-20,-51,,12,15,30,29,41,76,47,100,129,112,,44744,42992,53278,46705,52629,52060,52486,63846,71657,84077,,0,75,40,31,11,0,3,10,24,16,,21,25,27,31,41,32,17,30,33,23,7,15,25,41,59,48,0,1,,31,37,40,46,61,48,25,41,45,30,9.3,19,31,49,70,57,0,1.2,,6,4,13,7,15,8,10,10,3,3,1,1,9,13,23,25,7,1,,8.9,6,19,10,22,12,15,14,4.1,4,1.3,1.3,11,15,27,30,8.3,1.2,,1,1,1,1,1,1,1,1,1,1,1,2,1,,1,1,1,1,1,1,1,1,1,1,1,1,1,,0,0,0,0,0,0,0,0,0,0,0,1,0,,411,413,413,406,352,328,310,282,259,255,605,260,,411,413,413,406,352,328,310,282,259,255,256,260,,0,0,0,0,0,0,0,0,0,0,349,0,0.404475,0.356282
Cluster 29,29,Kenilworth,"Eastland Gardens, Kenilworth",-76.94445251,38.91032861,,3506,1341,2374,2445,-62,77,3,,39,23,39,35,-77,200,-8.6,,99,97,97,1.3,0.4,0.7,0,0.9,1.5,0,1.2,0.3,,2.1,0,1.3,2.9,,71,61,85,,15,5.7,8.1,24,11,12,21,15,18,15,18,22,7,3.8,,38,34,38,32,29,25,25,21,29,24,29,40,25,23,,38,9.8,28,41,5.5,43,53,,16,8.8,21,16,42,57,44,48,,46,32,31,24,,96,100,65,71,,58809,85127,55983,42821,45,-34,-24,,869,824,895,922,975,1086,1092,1041,1099,1303,1408,1557,1603,1633,,506,513,594,585,605,627,617,652,644,734,758,752,771,782,,20,20,26,24,21,36,17,19,26,22,13,17,,37,47,37,98,56,42,34,58,52,53,57,37,,874,506,722,786,,60,55,,4.7,46,11,0,,40,68,43,38,,10,7,11,17,12,5,6,13,10,14,15,14,8,3,3,7,1,3,,139000,,140000,167000,110000,,,179000,155000,211000,312000,389000,,,,,,,,,,,7.3,22,21,12,16,26,15,47,40,31,,44268,55477,49109,61890,83884,71808,56166,60408,92603,121215,,0,50,20,0,0,22,30,14,26,24,,5,5,3,7,9,10,5,9,12,4,8,3,7,5,24,18,0,0,,13,13,8,19,24,27,13,24,32,11,21,7.9,19,13,63,48,0,0,,1,1,2,0,1,2,1,1,1,2,1,0,1,0,3,7,1,1,,2.7,2.7,5.3,0,2.7,5.3,2.7,2.7,2.7,5.3,2.6,0,2.6,0,7.9,19,2.6,2.7,,1,1,1,1,1,1,1,1,1,1,1,1,1,,1,1,1,1,1,1,1,1,1,1,1,1,1,,0,0,0,0,0,0,0,0,0,0,0,0,0,,388,379,380,336,298,263,249,198,185,178,178,147,,388,379,380,336,298,263,249,198,185,178,178,147,,0,0,0,0,0,0,0,0,0,0,0,0,0.451104,0.406940
Cluster 30,30,Mayfair,"Mayfair, Hillbrook, Mahaning Heights",-76.94731746,38.90098902,,7966,6342,6167,6573,-20,-2.8,6.6,,33,29,30,27,-29,-0.6,-6,,99,98,97,0.3,0.6,0.7,0.5,1.1,2.2,0,0.1,0.2,,0.8,1,1.8,1,,68,72,79,,17,20,15,19,18,12,9.1,14,11,10,16,15,7.5,16,,22,16,18,19,18,18,17,19,19,23,15,22,27,17,,24,23,29,32,35,35,50,,8.4,8.9,14,25,54,56,47,48,,50,44,33,18,,98,98,58,49,,47472,49502,42978,37659,4.3,-13,-12,,1811,1650,1692,1739,1888,2004,2083,2104,2074,2241,2539,2799,2947,3034,,975,933,958,933,966,1013,992,1070,1021,1023,1081,1095,1192,1216,,19,22,18,21,19,21,17,18,22,25,21,24,,47,64,51,64,53,45,44,62,64,54,47,42,,2917,2461,2621,2883,,60,57,,7.8,6.4,9.9,5,,25,27,29,25,,19,31,26,41,28,33,17,24,27,26,32,21,22,7,6,11,18,7,,100000,114000,107000,120000,138000,120000,161000,131000,161000,165000,240000,323000,275000,,,212000,215000,,,,,,20,19,19,39,24,31,40,58,54,62,,22084,42268,25144,45008,49547,52656,55304,55571,67793,79032,,38,38,45,32,0,9.4,12,20,19,9.6,,12,12,26,27,32,24,25,23,22,16,12,22,27,37,53,42,0,0,,13,13,28,29,35,26,27,25,23,16,12,22,27,37,53,42,0,0,,6,7,6,9,7,8,2,9,1,1,2,0,4,16,25,13,4,1,,6.5,7.6,6.5,9.8,7.6,8.7,2.2,9.6,1.1,1,2.1,0,4,16,25,13,4,1,,3,3,3,3,4,5,5,5,4,4,4,5,4,,2,2,2,2,2,2,2,2,2,2,2,2,2,,1,1,1,1,2,3,3,3,2,2,2,3,2,,1391,1574,1714,1803,2289,2526,2610,2460,2410,2400,1536,2343,,691,642,626,610,546,530,473,466,466,456,477,594,,700,932,1088,1193,1743,1996,2137,1994,1944,1944,1059,1749,0.485997,0.457990
Cluster 31,31,Deanwood,"Deanwood, Burrville, Grant Park, Lincoln Heights, Fairmont Heights",-76.92643409,38.90106334,,19048,16056,14113,14500,-16,-12,2.7,,33,27,29,28,-30,-5.1,-2.4,,98,98,96,0.4,0.7,0.8,0.8,0.6,2.5,0.2,0.1,0.2,,1,1.3,0.7,3.6,,66,69,84,,17,15,11,18,14,17,18,14,13,15,12,13,13,14,,19,24,25,21,18,18,18,18,23,21,20,32,21,23,,29,28,29,34,41,40,50,,15,11,17,22,48,50,38,41,,51,44,35,23,,94,97,58,51,,52642,52492,52080,51670,-0.3,-0.8,-0.8,,4414,4243,4282,4502,4591,5010,5179,5025,5148,5822,6232,6753,7035,7224,,2626,2615,2716,2704,2667,2840,2819,2686,2642,2799,2818,2782,2764,2807,,23,24,22,23,18,22,18,20,25,27,27,22,,53,52,55,75,52,41,44,59,72,62,64,67,,6277,5761,5298,5473,,66,64,,4.3,5.1,7.5,8.2,,40,44,46,39,,69,106,115,135,126,132,113,118,104,178,176,167,113,45,34,50,71,59,,115000,107000,104000,109000,101000,100000,123000,139000,161000,185000,241000,288000,306000,280000,239000,218000,207000,182000,2.7,-9.9,-12,,17,24,23,30,30,37,36,67,78,101,,46688,41868,46021,43951,43961,51920,54895,61140,73527,77070,,24,48,28,17,8.8,4.5,9.5,14,27,24,,52,69,82,93,111,113,83,94,103,69,57,57,108,176,213,160,3,1,,16,21,25,28,34,35,25,29,31,21,17,17,31,51,61,46,0.9,0.3,,13,21,33,40,38,57,41,25,3,10,6,5,26,71,63,74,19,3,,4,6.4,10,12,12,17,13,7.6,0.9,3,1.8,1.5,7.5,20,18,21,5.4,0.9,,12,12,11,12,13,13,12,12,12,11,11,11,12,,9,9,9,10,10,10,9,9,8,7,7,7,7,,3,3,2,2,3,3,3,3,4,4,4,4,5,,4530,4410,4544,4711,4657,4431,4181,4061,3388,3252,3972,3781,,3687,3581,3599,3650,3526,3259,2951,2589,1898,1816,2409,2278,,843,829,945,1061,1131,1172,1230,1472,1490,1436,1563,1503,0.419184,0.394260
Cluster 32,32,Fort DuPont,"River Terrace, Benning, Greenway, Fort Dupont",-76.95170847,38.88309829,,16159,14126,12493,13008,-13,-12,4.1,,28,25,27,25,-22,-3,-4,,98,97,96,0.6,0.4,0.6,1.1,1.2,2.6,0.3,0.2,0.2,,1.2,0.5,1.6,2.5,,66,75,76,,15,15,15,15,12,15,13,15,11,15,8.6,11,13,13,,22,19,17,18,18,21,20,16,19,16,18,21,14,21,,20,19,25,24,30,36,35,,8.1,7.7,13,17,60,59,48,51,,43,38,30,15,,96,97,57,51,,53799,54481,48887,57825,1.3,-10,18,,3028,3066,3089,3319,3647,3745,3916,3831,4111,4901,5276,6040,6451,6665,,1934,2005,2009,1894,2045,2047,1983,1872,1880,2145,2092,2177,2279,2331,,20,21,20,20,19,16,14,17,16,16,18,17,,49,47,56,58,47,37,30,33,48,37,37,37,,6642,6135,5522,5702,,64,57,,2.8,6.7,7,9.4,,26,31,31,37,,48,71,54,61,76,66,73,69,49,78,91,60,54,29,21,19,23,21,,127000,123000,122000,108000,111000,122000,146000,154000,170000,189000,238000,288000,287000,253000,240000,207000,194000,135000,-1.3,-14,-30,,13,14,24,29,27,25,28,74,65,46,,45785,46192,40239,46643,52194,55090,51739,50717,65900,66604,,0,27,32,26,5.4,8.9,12,14,18,20,,24,21,44,36,43,45,30,54,44,49,41,28,43,77,101,76,1,0,,11,9.8,21,17,20,21,14,25,21,21,18,12,18,33,43,32,0.4,0,,6,10,11,12,23,13,10,11,2,3,4,3,6,20,27,26,11,1,,2.8,4.7,5.2,5.6,11,6.1,4.7,5.1,0.9,1.3,1.7,1.3,2.5,8.5,11,11,4.7,0.4,,4,4,4,4,4,4,4,3,5,5,5,5,3,,3,3,3,3,3,3,3,2,2,2,2,2,1,,1,1,1,1,1,1,1,1,3,3,3,3,2,,1087,1142,1176,1144,1068,1009,675,1022,1158,1223,1436,1076,,932,917,878,823,744,682,346,418,415,422,485,304,,155,225,298,321,324,327,329,604,743,801,951,772,0.454148,0.431441
Cluster 33,33,Capitol View,"Capitol View, Marshall Heights, Benning Heights",-76.929567,38.88315004,,21963,18877,15080,14888,-14,-20,-1.3,,32,29,32,28,-23,-12,-12,,99,99,96,0.4,0.2,0.8,0.2,0.3,2.5,0.1,0.6,0.2,,1.3,0.7,0.8,1.3,,68,67,63,,16,16,13,16,15,18,14,15,16,14,20,16,15,17,,21,21,18,20,24,21,22,23,22,19,19,19,18,15,,25,23,33,22,36,48,35,,8.7,11,18,19,58,54,44,52,,46,39,33,17,,95,97,55,63,,54437,55028,52133,53239,1.1,-5.3,2.1,,4209,4219,4382,4571,4671,4845,4882,4759,4836,5712,6717,7481,7856,8346,,2644,2819,2933,2771,2831,2789,2706,2574,2575,2799,2939,3131,3112,3281,,20,20,20,17,16,17,16,14,16,18,17,15,,39,41,50,55,39,30,29,37,42,29,32,35,,7674,7018,5893,5866,,68,63,,3,5.1,12,7.6,,30,32,37,40,,62,66,72,89,86,81,87,89,84,118,122,115,94,97,112,76,45,42,,120000,123000,121000,120000,114000,118000,130000,148000,161000,182000,245000,288000,320000,345000,343000,334000,255000,198000,2.9,-9.2,-23,,33,21,20,28,21,23,33,55,57,73,,49842,49835,49032,37723,41855,41941,54967,63196,69315,72371,,17,25,21,16,2.1,14,8.4,8.3,25,18,,32,29,50,57,71,65,64,92,77,65,38,44,71,100,135,137,0,0,,12,11,19,22,27,25,24,35,29,24,14,15,22,30,40,40,0,0,,8,9,12,24,24,24,19,20,4,8,9,7,12,67,40,42,12,1,,3,3.4,4.6,9.1,9.1,9.1,7.2,7.6,1.5,2.9,3.3,2.4,3.8,20,12,12,3.5,0.3,,6,6,6,7,7,7,5,6,9,11,10,7,8,,6,6,6,7,7,7,4,5,6,7,7,4,4,,0,0,0,0,0,0,1,1,3,4,3,3,4,,2516,2306,2435,2114,1976,1382,1479,1825,2392,2518,2159,2268,,2516,2306,2435,2114,1976,1346,1407,1246,1594,1618,955,1041,,0,0,0,0,0,36,72,579,798,900,1204,1227,0.505580,0.436384
Cluster 34,34,Fairlawn,"Twining, Fairlawn, Randle Highlands, Penn Branch, Fort Davis Park, Dupont Park",-76.96534905,38.87282759,,19024,17404,15536,14963,-8.5,-11,-3.7,,24,22,22,20,-20,-9,-11,,95,97,96,4.2,1.8,2,0.5,1,1.6,0.1,0.3,0.3,,2.4,1.3,1.8,3.6,,58,59,69,,14,13,19,14,14,13,11,12,18,13,13,7.2,14,15,,17,22,20,20,19,15,20,23,17,23,18,21,22,19,,14,10,16,21,14,20,31,,5.4,6.4,13,18,64,65,51,49,,34,28,25,15,,97,94,69,71,,69539,77001,77239,70274,11,0.3,-9,,2143,2057,2313,2674,2768,3097,3281,3417,3654,4256,5007,5818,6329,6548,,1248,1244,1374,1450,1500,1556,1546,1543,1548,1709,1777,1875,2046,2164,,16,18,18,15,13,13,15,16,14,13,13,13,,49,54,57,59,43,35,34,47,45,45,36,37,,7319,6928,6719,6597,,68,62,,3.8,7.7,11,9.1,,46,48,49,50,,95,104,120,136,137,102,97,92,88,117,114,86,79,34,26,48,44,40,,140000,130000,135000,133000,136000,142000,151000,169000,201000,222000,294000,323000,321000,296000,275000,260000,258000,212000,2.3,-7.9,-18,,17,22,29,29,27,26,34,39,46,43,,52342,52046,52158,52263,56348,60526,66323,73431,81971,84938,,6.7,21,29,7.6,12,8.4,13,17,27,23,,53,72,80,79,72,90,73,82,74,65,40,42,55,96,124,127,2,0,,14,19,21,20,19,23,19,21,19,17,10,11,14,24,31,32,0.5,0,,16,18,28,28,31,28,31,25,2,4,4,1,9,30,37,39,13,3,,4.1,4.6,7.2,7.2,8,7.2,8,6.4,0.5,1,1,0.3,2.3,7.6,9.3,9.7,3.2,0.7,,4,4,4,4,4,5,5,7,5,5,5,5,5,,4,4,4,4,4,4,4,4,4,4,4,4,4,,0,0,0,0,0,1,1,3,1,1,1,1,1,,1947,1907,1832,1790,2045,1949,2116,1964,1883,1863,2132,1760,,1947,1907,1832,1790,1851,1815,1764,1794,1717,1729,1682,1609,,0,0,0,0,194,134,352,170,166,134,450,151,0.485106,0.462128
Cluster 35,35,Naylor Gardens,"Fairfax Village, Naylor Gardens, Hillcrest, Summit Park",-76.95974748,38.85992448,,9178,8756,8025,7688,-4.6,-8.3,-4.2,,22,20,22,18,-17,4.1,-23,,85,93,93,12,4.9,4.6,2.4,1.4,1.9,0.7,0.4,0.4,,3.1,3,2.4,4.4,,52,63,68,,19,19,11,12,7.1,10,9.3,10,8.2,13,13,22,12,17,,12,13,18,14,13,13,12,5.6,9.2,7.3,15,12,12,14,,9.8,11,15,17,19,27,18,,4.2,3.4,7.8,13,67,69,58,55,,27,19,18,10,,97,93,68,71,,75969,80753,77872,72747,6.3,-3.6,-6.6,,812,800,882,940,1004,1092,1037,1002,1047,1430,1706,2098,2349,2421,,440,474,511,455,477,515,507,477,476,596,638,759,770,771,,14,17,14,13,15,14,12,15,13,9.7,13,12,,49,60,62,81,50,41,37,45,36,39,35,38,,4278,4093,3883,3871,,66,64,,3.2,4.3,6.3,2.5,,48,46,44,43,,37,43,37,41,30,24,28,25,33,37,22,30,14,15,6,8,4,8,,207000,197000,192000,211000,185000,227000,219000,268000,330000,366000,428000,459000,435000,469000,,,,,,,,,18,24,22,28,30,32,44,60,68,91,,57203,60032,56652,62362,68353,63442,80536,76272,78564,71314,,14,14,16,9.8,8.5,0,13,12,21,12,,29,30,44,35,33,35,41,29,26,35,16,18,25,66,81,69,6,1,,14,15,21,17,16,17,20,14,13,17,7.7,8.3,12,30,37,32,2.7,0.5,,7,2,6,8,3,3,4,8,1,1,2,1,5,13,19,21,6,1,,3.4,1,2.9,3.9,1.5,1.5,1.9,3.9,0.5,0.5,1,0.5,2.3,6,8.8,9.6,2.7,0.5,,3,3,3,3,3,3,3,3,3,3,3,3,3,,3,3,3,3,3,3,3,3,3,3,3,3,3,,0,0,0,0,0,0,0,0,0,0,0,0,0,,1482,1476,1445,1364,1238,1121,1046,1032,1052,1095,1072,1050,,1482,1476,1445,1364,1238,1121,1046,1032,1052,1095,1072,1050,,0,0,0,0,0,0,0,0,0,0,0,0,0.521053,0.534211
Cluster 36,36,Garfield Heights,"Woodland/Fort Stanton, Garfield Heights, Knox Hill",-76.97001259,38.85604234,,6379,7473,6395,7572,17,-14,18,,34,32,37,30,9,-0.9,-2,,97,99,98,1.6,0.6,0.8,1.4,0.2,1.2,0,0.3,0.2,,1.4,1.4,0.8,3.1,,76,76,76,,7.8,9.4,21,16,18,17,18,11,22,12,14,12,11,17,,31,30,21,24,23,20,23,4.3,18,18,22,21,20,21,,27,35,47,45,48,61,53,,7.5,15,22,20,58,44,41,36,,45,42,35,21,,95,89,46,45,,43201,41655,37759,45220,-3.6,-9.4,20,,2468,2401,2423,2631,2831,2751,2639,2581,2767,3155,3557,4059,4446,4639,,1566,1741,1773,1693,1746,1650,1468,1435,1587,1750,1835,1870,1968,2028,,27,29,29,26,29,26,23,20,17,17,16,18,,27,27,36,43,37,29,24,28,24,25,28,30,,2389,2394,2347,2725,,48,43,,7.8,9.7,13,5.9,,8.9,9.1,15,19,,11,13,12,27,23,11,11,7,5,8,7,9,7,2,3,4,1,3,,174000,126000,182000,175000,172000,134000,199000,,,,,,,,,,,,,,,,13,28,30,32,54,20,22,20,32,89,,59001,58475,55132,63276,51948,53512,56298,77158,90264,66205,,0,8.3,6.7,15,2.8,17,18,7.7,20,7,,3,4,6,10,5,8,6,12,10,8,16,14,8,27,32,29,0,1,,8.8,12,18,29,15,24,18,31,26,21,42,26,15,45,53,48,0,1.6,,0,2,0,2,2,1,1,4,1,2,2,3,3,3,10,7,3,1,,0,5.9,0,5.9,5.9,2.9,2.9,10,2.6,5.2,5.2,5.5,5.5,5,16,12,4.9,1.6,,2,2,2,2,2,2,2,2,2,2,2,2,2,,2,2,2,2,2,2,2,2,2,2,2,2,2,,0,0,0,0,0,0,0,0,0,0,0,0,0,,1091,1142,1068,962,843,759,698,620,645,635,595,636,,1091,1142,1068,962,843,759,698,620,645,635,595,636,,0,0,0,0,0,0,0,0,0,0,0,0,0.386083,0.347924
Cluster 37,37,Barry Farm,"Sheridan, Barry Farm, Buena Vista",-76.98894158,38.86111575,,10971,8235,8596,8071,-25,4.4,-6.1,,41,37,43,36,-31,19,-20,,100,99,97,0.1,0.7,0.7,0.1,0.2,1.7,0.1,0.3,0.2,,0.6,0.9,1.3,2,,79,74,77,,17,13,14,16,16,16,15,12,13,15,12,19,15,18,,24,23,25,20,21,22,21,24,22,20,20,20,23,23,,30,34,46,41,49,59,58,,12,14,26,23,53,53,39,43,,53,47,40,24,,97,93,44,43,,43585,41880,31957,38015,-3.9,-24,19,,4216,3846,4012,4352,4476,4644,4439,4337,4522,4876,5257,5771,6101,6444,,2875,2831,2752,2779,2861,2858,2703,2567,2598,2732,2668,2797,2881,3027,,25,24,26,26,25,21,24,28,24,24,22,25,,34,38,35,40,32,38,32,44,43,47,41,49,,3221,2643,2745,2851,,48,58,,9.4,17,7.3,6,,16,17,15,17,,17,8,23,12,15,13,33,36,33,26,20,32,11,21,9,13,14,7,,102000,,94000,76000,76000,74000,132000,150000,172000,172000,193000,254000,304000,321000,,207000,289000,,,,,,16,21,6.6,12,34,58,105,85,67,73,,40147,26633,37964,30055,59593,48780,51569,53579,61815,79151,,44,88,0,20,11,2.5,5.8,4.4,10,13,,9,7,11,9,18,15,11,25,16,27,11,13,17,30,46,26,1,2,,15,12,19,15,30,25,19,41,23,33,13,15,17,30,46,25,1,1.9,,1,1,4,1,4,3,1,3,3,2,1,1,4,4,18,13,3,2,,1.7,1.7,6.7,1.7,6.7,5.1,1.7,4.9,4.3,2.5,1.2,1.1,4,4.1,18,12,2.9,1.9,,6,8,8,8,8,10,9,10,7,10,9,11,11,,6,7,7,7,7,8,7,8,4,3,2,2,2,,0,1,1,1,1,2,2,2,3,7,7,9,9,,2416,2499,2558,2356,2495,2322,2201,2198,2648,2850,3744,3640,,2047,1965,1961,1765,1606,1401,1224,870,814,731,659,722,,369,534,597,591,889,921,977,1328,1834,2119,3085,2918,0.417512,0.373272
Cluster 38,38,Shipley Terrace,"Douglass, Shipley Terrace",-76.97915895,38.84406413,,13252,9532,9058,9710,-28,-5,7.2,,43,35,41,34,-40,11,-11,,99,99,98,0.1,0.1,0.6,0.2,0.8,1.3,0.2,0.2,0.2,,1.3,0.6,0.5,1.8,,80,77,79,,16,18,13,12,17,18,15,13,15,16,15,10,15,13,,19,17,17,20,18,14,15,14,24,20,26,19,15,21,,40,35,46,38,46,56,44,,12,16,28,21,56,51,38,45,,46,46,44,21,,97,91,43,46,,39042,39479,36226,38427,1.1,-8.2,6.1,,3709,3219,2860,2942,3221,3303,3245,3369,3242,3775,4297,4858,5226,5342,,2563,2374,2148,2136,2219,2242,2096,2067,1902,2115,2052,2096,2216,2299,,21,18,19,19,14,19,19,18,15,18,20,15,,29,27,32,33,32,32,33,40,38,39,40,30,,4109,3372,3196,3628,,58,56,,8.4,17,6.4,4.1,,9,12,13,14,,14,13,13,10,16,36,23,52,18,32,47,84,64,71,21,26,20,7,,104000,98000,95000,92000,98000,163000,130000,174000,176000,177000,244000,308000,340000,345000,324000,316000,285000,,,,,,7.1,5.5,46,55,51,51,17,44,105,106,,22481,45044,52990,47156,47830,44684,56118,56506,59338,73765,,0,0,38,18,5.9,4,12,16,20,21,,5,4,7,7,15,15,16,28,19,22,9,12,32,28,47,39,0,0,,8.2,6.5,11,11,24,24,26,42,28,32,13,10,28,24,41,34,0,0,,0,1,3,4,3,6,6,6,0,3,2,1,2,7,13,8,7,0,,0,1.6,4.9,6.5,4.9,9.8,9.8,9,0,4.4,3,0.9,1.7,6.1,11,6.9,6,0,,2,2,2,2,2,2,2,2,1,1,1,3,4,,2,2,2,2,2,2,2,2,1,1,1,1,2,,0,0,0,0,0,0,0,0,0,0,0,2,2,,1048,1141,1132,1056,953,787,500,288,277,255,679,755,,1048,1141,1132,1056,953,787,500,288,277,255,252,583,,0,0,0,0,0,0,0,0,0,0,427,172,0.415428,0.370134
Cluster 39,39,Bellevue,"Congress Heights, Bellevue, Washington Highlands",-76.99942422,38.83459125,,39995,36478,30583,30959,-8.8,-16,1.2,,37,32,34,29,-21,-10,-14,,98,97,97,1.1,1,0.8,0.4,0.8,1.4,0.1,0.6,0.2,,1.7,1.1,2.1,2.5,,72,72,79,,15,19,18,18,13,15,13,13,15,15,14,15,12,11,,22,23,21,21,18,21,17,18,16,19,20,21,20,19,,26,27,34,36,39,46,52,,11,13,20,25,61,59,45,45,,39,39,33,19,,94,97,54,52,,47493,47805,47873,41605,0.7,0.1,-13,,10858,10081,10413,11126,11392,11020,10882,10958,11988,14159,16217,17929,18932,19433,,7258,6991,7153,7364,7267,6831,6125,6080,6543,7030,7427,7569,7613,7862,,26,26,26,26,21,21,19,24,24,23,22,22,,36,43,45,43,39,38,41,49,50,48,48,42,,14437,13379,11577,12474,,56,55,,6.1,12,13,8.5,,18,20,24,26,,53,86,71,131,128,124,97,84,99,151,122,137,82,54,33,50,45,23,,127000,122000,112000,110000,127000,134000,144000,160000,171000,193000,238000,297000,315000,286000,234000,233000,204000,160000,0,-13,-22,,12,15,22,22,29,35,32,44,59,100,,47720,36764,43673,38653,59204,58857,61061,64101,73047,72881,,14,17,23,27,7.7,11,4.7,12,23,16,,66,64,78,105,93,105,87,97,79,67,58,64,78,158,222,194,2,2,,19,18,22,30,26,30,25,27,22,19,16,16,19,37,51,45,0.5,0.5,,12,12,20,35,30,32,33,27,6,8,8,7,14,36,65,76,15,6,,3.4,3.4,5.7,10,8.5,9.1,9.4,7.6,1.7,2.2,2.2,1.8,3.3,8.3,15,18,3.5,1.4,,16,17,17,18,18,19,20,20,22,22,21,19,20,,15,15,15,16,16,16,15,14,14,13,12,12,11,,1,2,2,2,2,3,5,6,8,9,9,7,9,,8169,8044,7572,6955,6793,6709,6924,6933,6825,7475,6499,7441,,7464,7282,6722,6081,6014,5943,5803,5453,5127,5238,4851,4143,,705,762,850,874,779,766,1121,1480,1698,2237,1648,3298,0.418392,0.380835
