"RegionName","City","State","Metro","CountyName","SizeRank","2010-02","2010-03","2010-04","2010-05","2010-06","2010-07","2010-08","2010-09","2010-10","2010-11","2010-12","2011-01","2011-02","2011-03","2011-04","2011-05","2011-06","2011-07","2011-08","2011-09","2011-10","2011-11","2011-12","2012-01","2012-02","2012-03","2012-04","2012-05","2012-06","2012-07","2012-08","2012-09","2012-10","2012-11","2012-12","2013-01","2013-02","2013-03","2013-04","2013-05","2013-06","2013-07","2013-08","2013-09","2013-10","2013-11","2013-12","2014-01","2014-02","2014-03","2014-04","2014-05","2014-06","2014-07","2014-08","2014-09","2014-10","2014-11","2014-12","2015-01","2015-02","2015-03","2015-04","2015-05","2015-06","2015-07","2015-08","2015-09","2015-10","2015-11","2015-12","2016-01"
"Northeast Dallas","Dallas","TX","Dallas-Fort Worth","Dallas",1,,,,,,,,,,,,,,,,,,,,,,,,,,,,,,,,,,,,,,,,,,,,,,,,,,,,,,,,,,,,1535,1595,1600,1542.5,1595,1550,1585,1550,1572.5,1450,1400,1525,1600
"Paradise","Las Vegas","NV","Las Vegas","Clark",2,,,,,,,,,,,,,,,,,,,,,,,,1195,1195,1175,1195,1195,1195,1150,1150,1150,1100,1100,1099,1100,1150,1150,1150,1175,1200,1200,1200,1200,1200,1200,1200,1250,1250,1250,1250,1282.5,1295,1250,1250,1250,1250,1295,1250,1250,1295,1295,1300,1295,1315,1300,1300,1350,1295,1300,1300,1300
"Maryvale","Phoenix","AZ","Phoenix","Maricopa",3,,,,,,895,937.5,895,875,875,899,850,850,850,850,850,850,850,850,850,850,845,800,825,825,850,850,875,895,895,895,895,895,875,875,850,850,850,850,850,850,850,850,867.5,850,875,850,850,850,850,872.5,882,895,887,900,895,895,895,900,899,898,900,925,922,925,931,935,925,925,945,950,950
"Upper West Side","New York","NY","New York","New York",4,,,,,,,,,,,,,,3025,3125,3150,3200,3330,3360,3420,3395,3640,3600,3670,3550,3495,3450,3500,3525,3550,3600,3599.5,3595,3450,3360,3300,3250,3250,3200,3396,3400,3350,3250,3250,3295,3250,3237,3117.5,3100,3100,3100,3200,3195,3156,3270,3295,3300,3337.5,3350,3312.5,3295,3235,3295,3300,3350,3300,3337.5,3359,3300,3295,3337.5,3350
"South Los Angeles","Los Angeles","CA","Los Angeles-Long Beach-Anaheim, CA","Los Angeles",5,,,,,,,,,,,,,,,,,,,,,,,,,,,,,,,,,,,,,,,,,,,,,,,,1700,1699.5,1650,1700,1750,1700,1697.5,1757.5,1850,1967.5,1950,2000,2000,1915,1907.5,1977.5,1995,2125,1900,2000,1995,2075,2172.5,2100,2117.5
"Upper East Side","New York","NY","New York","New York",6,,,,,,,,,,,,,2250,2575,2797.5,2900,3150,3100,3100,3150,3200,3295,3350,3400,3100,3037.5,3000,3051,2842.5,2800,2895,2950,2900,2895,2700,2675,2695,2800,2799,2995,2995,2950,2800,2795,2795,2847.5,2800,2850,2895,2900,2995,2995,2995,2895,3000,3000,3000,3000,3000,3000,2995,2995,2995,2995,2995,2995,2995,2995,2995,2972.5,2995,2950
"Sunrise Manor","Las Vegas","NV","Las Vegas","Clark",7,,,,,,,,,,,,950,950,950,900,950,970,950,925,912.5,900,900,900,900,900,900,950,950,900,900,945,950,925,900,900,900,900,925,950,950,945,949,950,950,950,950,950,950,950,950,950,995,995,975,995,995,995,999,995,995,1000,1000,1000,995,995,1027,1050,1000,1025,1000,1000,1000
"Spring Valley","Las Vegas","NV","Las Vegas","Clark",8,,,,,,1172.5,1250,1295,1250,1295,1242.5,1295,1300,1295,1250,1300,1295,1300,1295,1250,1275,1275,1250,1200,1200,1200,1250,1245,1250,1200,1200,1200,1200,1200,1199,1200,1199,1199,1200,1200,1195,1199.5,1226.5,1250,1250,1250,1250,1250,1250,1250,1250,1250,1250,1287,1299,1295,1295,1295,1300,1325,1350,1325,1350,1350,1350,1350,1395,1350,1350,1350,1350,1350
"Paradise Valley","Phoenix","AZ","Phoenix","Maricopa",9,,1600,1662.5,1550,1722.5,1650,1587.5,1550,1472.5,1450,1472.5,1499.5,1450,1450,1395,1395,1400,1400,1350,1350,1295,1395,1395,1395,1395,1395,1350,1400,1400,1350,1337.5,1295,1295,1295,1295,1350,1300,1295,1350,1395,1375,1400,1350,1425,1450,1400,1450,1450,1400,1425,1450,1500,1500,1500,1500,1495,1500,1500,1600,1695,1700,1695,1600,1595,1595,1550,1500,1540,1550,1600,1700,1695
"Deer Valley","Phoenix","AZ","Phoenix","Maricopa",10,,,1190,1137.5,1172.5,1175,1149.5,1050,1074,1150,1185,1275,1200,1200,1195,1195,1195,1199,1195,1150,1100,1100,1150,1150,1150,1175,1195,1195,1175,1150,1195,1197.5,1200,1199,1195,1199,1200,1200,1195,1195,1195,1195,1150,1175,1150,1175,1195,1195,1195,1184.5,1195,1200,1250,1250,1250,1225,1245,1200,1200,1200,1250,1250,1250,1250,1250,1250,1290,1295,1295,1272.5,1290,1300
"Washington Heights","New York","NY","New York","New York",11,,,,,,,,,,,,,,,,,,,,,,1500,1500,1525,1550,1550,1600,1662.5,1595,1600,1575,1595,1595,1575,1550,1600,1595,1600,1650,1600,1700,1700,1675,1675,1675,1662.5,1700,1695,1695,1700,1700,1700,1675,1700,1700,1700,1700,1700,1687.5,1700,1700,1700,1700,1700,1700,1700,1700,1700,1700,1700,1687.5,1700
"Astoria","New York","NY","New York","Queens",12,,,,,,,,,,,,,,,,,,,,,,1650,1772.5,1850,1825,1800,1800,1799,1800,1950,2000,2152.5,2200,2200,2200,2200,2200,2200,2200,2300,2400,2275,2300,2300,2400,2550,2375,2300,2250,2250,2200,2100,2250,2180,2250,2200,2200,2400,2400,2500,2447.5,2500,2400,2500,2600,2600,2500,2449.5,2400,2400,2300,2300
"North Mountain","Phoenix","AZ","Phoenix","Maricopa",13,,,,,,,,,,,,900,950,999,1022.5,995,975,975,995,990,950,950,950,950,950,995,995,1000,1000,1000,1000,995,990,975,990,995,995,995,995,997,1012.5,1025,995,1025,1000,995,995,1000,1000,1000,1000,1075,1100,1095,1100,1095,1095,1095,1087,1095,1095,1095,1095,1117.5,1150,1100,1095,1100,1135,1095,1100,1135
"Far North","Dallas","TX","Dallas-Fort Worth","Dallas",14,,,,,,,,,,,,,,,,,,,,,,,,,,,,,,,,,,,,,,,,1650,1872.5,1892.5,1800,1750,1750,1800,1895,1772.5,1797.5,1850,1850,1977.5,2100,2000,2150,2045,2000,2100,1995,1995,2125,2000,2197.5,2100,1995,1900,1950,1900,1900,1950,2000,2022.5
"Hollywood","Los Angeles","CA","Los Angeles-Long Beach-Anaheim, CA","Los Angeles",15,,,,,,,,,,,,,,,,,,,,,,,,,,,,,,,,,,,,,,,,,,,,,,,,,,,,,,,3050,2850,2850,2775,2825,2800,3222.5,2900,3050,2995,2995,2975,2800,3000,3495,3312.5,2900,3150
"Williamsburg","New York","NY","New York","Kings",16,,,,,,,,,,,,,,,,,,,,,,3465,3318,2900,2600,2600,2750,2800,2700,2750,2800,3250,3200,3010,3100,3205,3099.5,2950,2900,3200,3225,3275,3500,3500,3500,3100,2900,2800,3000,3000,3000,3000,3200,3550,3500,3300,3300,3200,3375,3325,3275,3225,3300,3250,3400,3372.5,3300,3300,3250,3250,3250,3443.5
"Bedford Stuyvesant","New York","NY","New York","Kings",17,,,,,,,,,,,,,,,,,,1600,1600,1650,1625,1550,1500,1500,1500,1500,1600,1650,1650,1675,1700,1750,1700,1700,1700,1750,1795,1800,1800,1992,2000,2000,2100,2200,2200,2100,2072.5,2050,2000,2000,2050,2150,2100,2250,2350,2350,2425,2500,2400,2350,2250,2350,2499,2500,2400,2450,2400,2400,2400,2449,2499.5,2499
"East Side","El Paso","TX","El Paso","El Paso",18,,,,,,,,,,,,,,1025,1100,1150,1062.5,1100,1045,1097.5,1097.5,1082.5,1000,1075,1050,1100,1195,1100,1100,1100,1100,1095,1050,1000,995,995,995,1000,1000,1000,1000,1000,1050,1000,1000,995,1000,995,995,995,997.5,1050,1050,1000,1000,1000,1000,1025,1050,1025,1000,1042.5,1077.5,1075,1095,1100,1100,1075,1050,1025,1000,1000
"Alhambra","Phoenix","AZ","Phoenix","Maricopa",19,,,,,,,,895,872.5,850,945,950,900,850,875,895,850,850,862.5,875,850,895,835,850,850,899,885,895,899,875,899,925,950,900,900,900,900,900,900,895,895,895,875,900,900,895,895,895,895,900,900,925,950,992.5,950,975,950,950,950,937.5,992.5,995,975,1005,995,950,950,995,1000,1000,1050,1000
"Flatbush","New York","NY","New York","Kings",20,,,,,,,,,,,,,,,,,,,,,,,,,,,,,,,,,,,,,,,,,,,,,,,,,,,,,,,,,,,2100,2100,2100,1900,2050,2100,2100,2275,1872.5,1850,1845,1850,1950,2200
"Crown Heights","New York","NY","New York","Kings",21,,,,,,,,,,,,,,,,,,,,,,,,,,,,,,,,,,,,,,,,,,,,,,,,,,,,,,,,,,2400,2337.5,2400,2400,2400,2472.5,2300,2350,2499,2399,2450,2425,2400,2495,2500
"Southeast Dallas","Dallas","TX","Dallas-Fort Worth","Dallas",22,,,,,,,,,,,,,997.5,1050,950,950,950,950,850,875,995,995,975,995,950,950,900,950,995,995,998,1000,995,973,995,996.5,1000,1025,1025,1025,995,995,950,975,950,950,950,995,1000,1050,1050,1050,1050,995,1000,1049.5,1050,1050,1050,1025,1000,995,1000,1000,1000,1000,1000,1000,1000,1035,995,995
"Harlem","New York","NY","New York","New York",23,,,,,,,,,,,,,,,,,,,,1650,1650,1795,1795,1800,1895,1775,1750,1737.5,1750,1775,1850,1800,1800,1800,1795,1750,1692.5,1739.5,1700,1850,1850,1775,1850,1912.5,1800,1875,1850,1928,1950,1912.5,1900,1950,1900,1928,1926.5,1950,2200,2027,2050,1928,2000,2050,2100,2225,2200,2100,2000,2000,2272.5,2350,2300,2100
"Williamsbridge","New York","NY","New York","Bronx",24,,,,,,,,,,,,,,,,,,,,,,,,,,,,,,,,,,,,,,,,,,,,,,1147.5,1100,1225,1267.5,1297.5,1300,1175,1250,1195,1272.5,1295,1295,1225,1295,1300,1272.5,1297.5,1295,1150,1200,1250,1200,1250,1250,1250,1295,1250
"East Harlem","New York","NY","New York","New York",25,,,,,,,,,,,,,,,,,,,,,,,,,,,,,,,,,,2725,2600,2750,2550,2550,2595,2825,2872.5,2700,2895,2897.5,2990,2672.5,2750,2850,2800,2750,2697.5,2800,2700,2800,2672.5,2695,2695,2850,2450,2700,2795,2797.5,2800,2850,2800,2800,2900,2800,2800,2800,2800,2895
"Bushwick","New York","NY","New York","Kings",26,,,,,,,,,,,,,,,,,,,,,,,,,,,,,,,,,,,,,,,,,2300,2425,2400,2400,2300,2325,2400,2400,2400,2400,2400,2374.5,2450,2500,2500,2500,2567,2550,2500,2500,2475,2400,2500,2500,2500,2600,2600,2550,2550,2550,2600,2800
"North Scottsdale","Scottsdale","AZ","Phoenix","Maricopa",27,2999,2995,2950,2795,3000,3000,2850,2800,2995,3000,3050,2997.5,2872.5,2800,2800,2800,2750,2800,2750,2695,2750,2500,2500,2500,2500,2600,2525,2600,2672.5,2600,2600,2575,2495,2295,2495,2500,2495,2495,2500,2500,2495,2350,2395,2400,2495,2500,2500,2450,2497.5,2450,2400,2600,2500,2585,2562.5,2650,2700,2700,2700,2700,2700,2700,2700,2700,2799,2900,2700,2700,2950,3000,3000,2900
"Enterprise","Las Vegas","NV","Las Vegas","Clark",28,,1297.5,1195,1197.5,1100,1179.5,1200,1250,1200,1200,1195,1250,1250,1250,1290,1275,1250,1250,1250,1250,1250,1250,1250,1250,1200,1200,1217.5,1200,1250,1250,1235,1200,1200,1200,1200,1200,1200,1250,1250,1250,1250,1250,1250,1250,1249,1247.5,1225,1200,1200,1225,1225,1295,1295,1295,1295,1295,1295,1250,1250,1295,1295,1295,1300,1295,1300,1325,1350,1300,1325,1345,1300,1300
"South Mountain","Phoenix","AZ","Phoenix","Maricopa",29,,,,,,,,1100,1100,987.5,995,995,1095,1050,995,1000,1050,995,995,992.5,995,995,950,995,995,1012.5,1050,1000,995,1012.5,1000,1000,1000,1000,1000,1000,1050,1045,1000,1000,1000,995,950,1020,1025,1045,1045,1025,1000,1000,1025,1025,1000,1037.5,1050,1075,1062.5,1075,1095,1095,1100,1150,1100,1100,1095,1100,1083.5,1060,1065,1070,1075,1087.5
"East Memphis-Colonial-Yorkshire","Memphis","TN","Memphis","Shelby",30,,,,,,,,,,,,,825,795,795,812.5,850,850,995,950,975,850,862.5,875,850,875,895,875,875,892.5,795,850,840,795,795,757.5,795,797.5,800,850,857.5,857.5,850,850,850,825,850,825,795,795,795,827.5,850,800,812.5,800,800,825,800,825,795,825,800,797.5,795,795,795,795,795,800,850,850
"South Side","Corpus Christi","TX","Corpus Christi","Nueces",31,,,,,,,,,,,,,,,,,,,,,,,,,,,,,,,,,,,1395,1400,1362.5,1550,1500,1550,1650,1600,1600,1600,1650,1675,1750,1750,1650,1650,1600,1600,1650,1650,1625,1650,1750,1700,1662.5,1700,1695,1650,1700,1750,1700,1700,1700,1625,1612.5,1600,1600,1650
"Bullard","Fresno","CA","Fresno","Fresno",32,,,,,,,,,,,,,,,,,,,,,,,,1195,1182.5,1200,1250,1195,1195,1195,1200,1212.5,1200,1200,1200,1200,1150,1195,1200,1250,1250,1250,1250,1295,1250,1200,1197.5,1195,1200,1200,1245,1272.5,1250,1295,1295,1285,1250,1295,1295,1337.5,1350,1325,1350,1295,1285,1337.5,1350,1300,1300,1350,1295,1250
"Northeast","El Paso","TX","El Paso","El Paso",33,,,,,,,,,,,,,,,1000,990,1025,1050,975,1010,975,975,995,985,1025,1050,975,998,1100,1000,950,950,975,975,950,925,925,950,950,975,995,950,950,975,950,950,950,950,950,950,950,995,995,995,950,950,950,950,950,950,950,975,975,995,982.5,995,995,995,975,950,950,950
"Southwest Dallas","Dallas","TX","Dallas-Fort Worth","Dallas",34,,,,,,,,,,,,,,,,1100,1122.5,1195,1100,1097.5,1050,1050,1100,1150,1150,1150,1100,1100,1195,1150,1150,1096.5,1100,1112.5,1175,1150,1175,1195,1200,1195,1200,1200,1230,1200,1185,1195,1200,1195,1200,1200,1195,1225,1225,1200,1195,1200,1262.5,1200,1200,1250,1290,1275,1250,1262.5,1262.5,1275,1242.5,1295,1295,1250,1250,1250
"West San Jose","San Jose","CA","San Jose","Santa Clara",35,,,,,,,,,,,,,,,,,,,,,,,,,,,,,,,,,,,,,,,,,,,,,,,,,,,,,,2995,3200,3495,3498,3247.5,3295,3500,3495,3400,3497.5,3900,3750,3750,3500,3500,3625,3625,3525,3750
"White Haven-Coro Lake","Memphis","TN","Memphis","Shelby",36,,,,,,,,,,,,,,,,,,,,,,,,,,,,,,,,,,850,795,750,750,750,750,750,775,775,785,810,795,800,825,795,795,795,795,795,803,825,800,795,795,795,775,775,750,795,795,795,795,795,750,795,795,795,795,750
"Lower East Side","New York","NY","New York","New York",37,,,,,,,,,,,,,,,,,,,,,,,,,,,,,,3495,3149.5,3275,3297.5,3100,3100,3095,3095,3100,3197.5,2925,3425,3995,3995,3995,3722.5,3550,3160,3550,3995,3995,3995,3995,3897.5,3995,3995,3995,3995,3550,3550,3550,3995,3995,3995,3995,3995,3995,3995,3995,3995,3995,3995,3966
"Northwest","El Paso","TX","El Paso","El Paso",38,,,,,,,,,,,,,,1600,1600,1600,1500,1450,1412.5,1400,1450,1395,1500,1500,1425,1500,1495,1400,1400,1400,1487.5,1450,1475,1450,1450,1495,1450,1450,1450,1450,1425,1400,1395,1300,1300,1350,1350,1300,1300,1300,1300,1400,1400,1400,1375,1375,1350,1322.5,1350,1350,1350,1350,1400,1400,1400,1400,1400,1350,1350,1350,1300,1325
"Southeast","Arlington","TX","Dallas-Fort Worth","Tarrant",39,,,,,,,,,,,,,1372.5,1395,1350,1350,1350,1295,1295,1250,1295,1295,1250,1250,1295,1325,1297.5,1250,1295,1295,1295,1285,1280,1295,1297.5,1295,1300,1325,1350,1350,1350,1350,1350,1350,1350,1350,1350,1325,1300,1300,1325,1397.5,1395,1350,1350,1350,1350,1350,1350,1350,1395,1395,1445,1445,1395,1475,1450,1450,1425,1400,1425,1400
"Preston Hollow","Dallas","TX","Dallas-Fort Worth","Dallas",40,,,,,,,,,,,,,,,,,,,,,,,,,,,,1372.5,1500,1500,1500,1447.5,1412.5,1495,1465,1500,1465,1300,1447.5,1495,1650,1650,1600,1650,1775,1600,1650,1672.5,1650,1650,1650,1650,1822.5,1850,1922.5,1825,1800,1947.5,1600,1780,1850,1975,2000,1972.5,1925,1872.5,1985,1962.5,1900,1972.5,1950,1947.5
"South Scottsdale","Scottsdale","AZ","Phoenix","Maricopa",41,,,,,,,,,,,,,1725,1665,1775,1570,1700,1595,1500,1600,1600,1600,1575,1525,1500,1599,1550,1500,1585,1550,1547.5,1500,1450,1300,1350,1400,1495,1350,1487.5,1500,1550,1500,1475,1500,1500,1500,1525,1550,1595,1570,1550,1560,1572.5,1605,1600,1604.5,1649,1650,1649,1712.5,1750,1750,1737,1737,1795,1700,1699.5,1700,1695,1770,1872.5,1800
"Ahwatukee Foothills","Phoenix","AZ","Phoenix","Maricopa",42,,,,1495,1425,1497.5,1437.5,1495,1695,1495,1650,1550,1545,1395,1395,1395,1450,1390,1392.5,1337.5,1350,1395,1425,1400,1397,1462.5,1450,1495,1452.5,1495,1495,1450,1350,1300,1391.5,1400,1450,1395,1450,1495,1499,1450,1425,1425,1492.5,1450,1450,1450,1450,1450,1450,1495,1495,1550,1595,1497,1495,1499,1500,1512.5,1545,1535,1550,1495,1550,1522.5,1547,1547.5,1499,1500,1595,1595
"West","Arlington","TX","Dallas-Fort Worth","Tarrant",43,,,,,,,,,,,,,,,,,,,,,,,,,1200,1195,1150,1095,1100,1150,1195,1150,1150,1150,1172.5,1135,1195,1150,1150,1195,1250,1200,1265,1300,1195,1200,1200,1195,1247.5,1212.5,1250,1300,1350,1350,1295,1250,1250,1250,1350,1350,1350,1350,1350,1300,1337.5,1395,1395,1350,1300,1300,1447.5,1450
"North Raleigh","Raleigh","NC","Raleigh","Wake",44,,,,1445,1495,1395,1395,1350,1445,1345,1395,1199,1372.5,1225,1250,1295,1295,1200,1250,1285,1200,1250,1250,1295,1250,1250,1425,1400,1495,1385,1295,1250,1295,1275,1250,1250,1100,1200,1250,1300,1350,1300,1295,1295,1285,1295,1275,1250,1250,1250,1250,1337.5,1350,1350,1395,1350,1350,1295,1295,1397.5,1400,1400,1395,1400,1450,1450,1400,1475,1395,1400,1397.5,1400
"Sharpstown","Houston","TX","Houston","Harris",45,,,,,,,,,,,,,,,,,,,,,,,,,,,,,,,,,,700,753,753,785,719,722,732.5,722,704.5,697.5,704.5,704.5,704.5,695,695,695,695,775,756.5,760,804.5,850,825,919,869.5,825,775,780,800,804.5,814,919,825,800,775,825,819.5,800,804.5
"Northridge","Los Angeles","CA","Los Angeles-Long Beach-Anaheim, CA","Los Angeles",46,,,,,,,,,,,,,,,,,2685,2695,2685,2750,2675,2547.5,2495,2550,2800,2600,2672.5,2647.5,2537.5,2495,2500,2497.5,2500,2295,2300,2375,2295,2300,2325,2497,2550,2650,2500,2560,2537.5,2550,2697.5,2500,2567.5,2600,2600,2650,2625,2499.5,2600,2600,2800,2700,2800,2690,2550,2600,2600,2700,2550,2500,2500,2650,2650,2980,2987.5,3225
"San Pedro","Los Angeles","CA","Los Angeles-Long Beach-Anaheim, CA","Los Angeles",47,,,,,,,,,,,,,,,,,,,,,,,,,,,,,,,,,,,,,,,,,,,,,,,,,,,,,,,,,2400,2200,2100,2225,2195,2050,2212.5,2100,2195,2145,2275,2195,2172.5,2200,2350,2025
"Forest Hills","New York","NY","New York","Queens",48,,,,,,,,,,,,,,,,,,,,,,,,,,,,,,,,,,,,,,,,,,,,,2500,2395,2400,2495,2395,2395,2395,2400,2395,2500,2500,2750,2795,2900,2900,2697.5,2500,2500,2600,2600,2695,2645,2595,2695,2495,2550,2772.5,2722.5
"East Village","New York","NY","New York","New York",49,,,,,,,,,,,,,,,,,2995,2925,3100,3000,3000,3272.5,3387.5,3412.5,3142,3100,3195,3395,3497.5,3300,3450,3450,3372.5,3400,3367.5,3225,3200,3200,3200,3415,3415,3395,3325,3300,3500,3550,3695,3500,3500,3312.5,3297.5,3295,3300,3600,3597.5,3697.5,3647.5,3312.5,3647.5,3995,3922.5,3950,3950,3895,3895,3747.5,3895,3850,3795,3795,3795,3697.5
"Mira Mesa","San Diego","CA","San Diego","San Diego",50,,,,,,,,,,,,,,,,,,1895,1950,2095,2095,2097.5,1972.5,1825,1875,2000,1950,1972.5,2000,1985,1997.5,2100,1995,2100,2000,2000,2100,2000,1987.5,2195,2075,2150,2295,2162.5,2095,2100,2150,2150,2200,2200,2200,2200,2100,2100,2097.5,2200,2200,2295,2295,2262.5,2295,2275,2237.5,2225,2350,2375,2325,2224,2350,2300,2400,2400
"Cordova-Appling","Memphis","TN","Memphis","Shelby",51,,,,,,,,,,,,,,,,,,1305,1305,1235,1185,1222.5,1197.5,1245,1200,1125,1150,1250,1337.5,1250,1250,1150,1150,1195,1195,1195,1112.5,1150,1160,1137.5,1197.5,1200,1100,1100,1195,1172.5,1175,1195,1195,1195,1195,1225,1237.5,1225,1200,1245,1245,1245,1250,1247.5,1250,1250,1275,1250,1250,1245,1225,1200,1245,1245,1245,1249
"Hickory Ridge-South Riverdale","Memphis","TN","Memphis","Shelby",52,,,,,,,,,,,,,,,,,,,,,,,,,,962.5,950,975,950,895,895,850,895,925,900,895,937.5,950,950,950,950,950,925,925,900,950,970,975,995,975,975,950,970,950,950,950,950,950,975,975,975,950,950,950,950,950,975,975,975,995,975,975
"Reseda","Los Angeles","CA","Los Angeles-Long Beach-Anaheim, CA","Los Angeles",53,,,,,,,,,,,,,,,,,,,,,,,,1992.5,1980,1862.5,1975,2000,2125,2125,2100,2100,2000,1950,1900,2150,2250,2250,2250,2250,2200,2300,2300,2225,2225,2200,2325,2297.5,2272.5,2250,2250,2300,2295,2400,2200,2300,2495,2500,2425,2495,2400,2395,2450,2495,2500,2500,2550,2435,2495,2497.5,2550,2500
"Central Southwest","Houston","TX","Houston","Harris",54,,,,,,,,,,,,,,,,,,,,,,,,,,,,,,,,,,,,,,,,,1200,1150,1125,1175,1100,1100,1050,1100,995,1000,1137.5,1300,1237.5,1195,1195,1195,1195,1250,1312.5,1295,1300,1350,1250,1362.5,1350,1395,1450,1495,1450,1350,1322,1347.5
"Midtown","Memphis","TN","Memphis","Shelby",55,,,,,,,,,,,,,,,,,,,,,,,,,,,,,,,,,,,,,,,,,,,,,,850,825,765,735,725,725,737.5,725,712.5,712.5,725,750,700,700,700,695,800,700,800,750,725,724.5,750,775,775,695,750
"Princess Anne","Virginia Beach","VA","Virginia Beach","Virginia Beach City",56,,,,,,,,,,,,1695,1725,1750,1700,1725,1725,1775,1750,1695,1695,1695,1695,1750,1750,1700,1750,1750,1700,1735,1750,1700,1700,1697.5,1695,1697.5,1650,1650,1695,1712.5,1725,1700,1695,1682.5,1650,1692.5,1700,1692.5,1750,1700,1725,1795,1795,1795,1795,1687.5,1695,1695,1695,1695,1675,1700,1795,1850,1812.5,1750,1750,1795,1750,1695,1750,1800
"Southeast Colorado Springs","Colorado Springs","CO","Colorado Springs","El Paso",57,,,,,,,,,,,,,962.5,1050,1050,1050,1000,997.5,950,950,950,975,995,995,999,999,995,997.5,1050,1050,1000,995,995,1025,1050,1050,1025,1050,995,1062.5,1095,1095,1050,1050,1050,1050,1000,1050,1050,1085,1050,1050,1095,1095,1097.5,1095,1095,1100,1095,1100,1095,1095,1055,1060,1100,1150,1150,1122.5,1145,1150,1100,1150
"Northwest Raleigh","Raleigh","NC","Raleigh","Wake",58,,,,1197.5,1322.5,1200,1175,1195,1272.5,1395,1397.5,1245,1250,1250,1295,1295,1272.5,1295,1300,1300,1300,1300,1300,1300,1375,1295,1295,1425,1395,1395,1300,1262.5,1250,1250,1237.5,1200,1100,1192.5,1300,1295,1300,1395,1425,1395,1395,1390,1397,1400,1350,1350,1350,1300,1395,1350,1300,1350,1400,1400,1397.5,1490,1450,1412.5,1495,1495,1495,1472.5,1495,1495,1450,1450,1450,1450
"Kingwood Area","Houston","TX","Houston","Harris",59,,,,,,,,,,,,,,,,,,,,,,1450,1400,1400,1400,1350,1400,1400,1400,1400,1500,1400,1162.5,1095,1087.5,1150,1050,1093.5,1133,1299,1475,1450,1600,1500,1400,1450,1522.5,1525,1497.5,1500,1500,1597.5,1725,1725,1650,1650,1650,1650,1712.5,1700,1687.5,1665,1695,1700,1712.5,1750,1700,1699,1675,1675,1650,1625
"Estrella","Phoenix","AZ","Phoenix","Maricopa",60,,,,,,,,,,945,900,950,950,950,975,975,975,950,950,975,950,950,925,925,950,950,950,975,975,975,950,950,950,950,950,950,950,950,950,950,950,975,950,950,950,950,950,950,950,950,950,980,975,975,975,975,995,990,975,995,995,995,995,1000,1025,1025,1025,1015,999.5,995,1025,1050
"Clear Lake","Houston","TX","Houston","Harris",61,,,,,,,,,,,,,,,,,,,,,,,,,,,,,,,,,,,,,,,,,,,,,,,,,1500,1550,1575,1625,1650,1600,1599,1697.5,1650,1685,1599,1650,1650,1695,1670,1687,1700,1650,1677.5,1700,1697.5,1700,1700,1700
"Greater Fondren Southwest","Houston","TX","Houston","Harris",62,,,,,,,,,,,,,,,,,,,,,,,,,,,,,,,,,,797.5,800,750,765,757,752.5,765,737,750,750,725,725,730,675,737,739,750,850,750,875,790,875,775,790,782.5,825,887,800,762,850,762,790,790,770,775,775,790,875,875
"East Colorado Springs","Colorado Springs","CO","Colorado Springs","El Paso",63,,,,,,,,,,,,,,,,1125,1075,1100,1075,1095,1100,1175,1100,1100,1090,995,995,1050,1097.5,1100,1100,1037.5,1100,1100,1125,1100,1097.5,1100,1150,1150,1197.5,1195,1195,1195,1175,1195,1195,1195,1195,1175,1195,1200,1195,1197.5,1195,1200,1200,1195,1195,1250,1200,1200,1295,1200,1200,1250,1225,1200,1200,1285,1295,1297
"Northeast Colorado Springs","Colorado Springs","CO","Colorado Springs","El Paso",64,,,,,,,,,,,,,,,,1250,1250,1200,1200,1250,1200,1200,1200,1250,1237.5,1250,1262.5,1250,1275,1265,1250,1250,1237.5,1250,1250,1275,1250,1250,1250,1250,1275,1300,1295,1300,1295,1250,1250,1250,1250,1250,1250,1337.5,1325,1325,1300,1350,1325,1300,1300,1275,1297,1300,1300,1312.5,1350,1325,1350,1350,1350,1300,1385,1375
"Woodward Park","Fresno","CA","Fresno","Fresno",65,,,,,,,,,,,,,,,,,,,,,,,,,,,,,1572.5,1500,1425,1425,1475,1400,1437.5,1450,1450,1462.5,1500,1495,1495,1495,1450,1500,1500,1495,1450,1495,1450,1400,1400,1472.5,1500,1495,1495,1500,1500,1495,1472.5,1475,1497.5,1500,1500,1525,1500,1575,1570,1550,1595,1595,1600,1550
"Green Run","Virginia Beach","VA","Virginia Beach","Virginia Beach City",66,,,,,,,,,,,,1350,1295,1375,1375,1395,1450,1450,1450,1400,1400,1395,1450,1450,1450,1450,1495,1495,1450,1400,1425,1450,1395,1395,1400,1397.5,1372.5,1400,1400,1450,1450,1400,1400,1395,1400,1350,1395,1350,1350,1350,1395,1497.5,1412.5,1390,1400,1395,1397.5,1425,1450,1425,1397.5,1395,1412.5,1450,1462.5,1495,1450,1400,1400,1412.5,1450,1497.5
"Central Colorado Springs","Colorado Springs","CO","Colorado Springs","El Paso",67,,,,,,,,,,,,,,,,,,,,,,,,,,,,,,,,,,,,,,,1095,1047.5,1095,1095,1025,1095,1100,1095,995,995,1000,1000,995,1025,997.5,1100,1100,1122.5,1165,1175,1150,1150,1195,1150,1195,1150,1150,1125,1162.5,1185,1195,1172.5,1195,1095
"Gramercy","New York","NY","New York","New York",68,,,,,,,,,,,,,2947,2765,2855,2892.5,3007.5,2900,2850,3022.5,3100,3295,3295,3290,3240,3057,3200,3250,3295,3327,3300,3327,3395,3422,3390,3330,3377.5,3387.5,3412.5,3527.5,3341,3341,3200,3213.5,3295,3350,3390,3347,3295,3295,3295,3348.5,3353,3400,3390,3350,3300,3300,3295,3323,3309.5,3380,3366.5,3400,3402.5,3405,3380,3335,3309.5,3347,3380,3380
"Rogers Park","Chicago","IL","Chicago","Cook",69,,,,,,,,,,,,,,,,,,,,,,,,,,,,,,,,,,,,,,,,,,,,,,,,,,,,,,,,,980,1062.5,995,850,850,850,850,850,875,945,850,862.5,980,965,965,1095
"Fresno High Roeding","Fresno","CA","Fresno","Fresno",70,,,,,,,,,,,,,,,,,,,,,,,,,,,,850,800,795,800,850,892.5,837.5,795,900,940,950,950,937.5,937.5,800,875,900,980,975,995,995,975,900,895,800,895,925,900,900,862.5,850,825,895,895,925,895,850,895,850,900,950,1035,1050,995,925
"The Heights","Jersey City","NJ","New York","Hudson",71,,,,,,,,,,,,1400,1450,1450,1400,1375,1400,1450,1487.5,1425,1362.5,1262.5,1287.5,1350,1400,1450,1600,1550,1500,1600,1650,1650,1550,1550,1500,1500,1425,1450,1450,1450,1600,1425,1400,1395,1475,1400,1400,1600,1600,1600,1600,1600,1600,1500,1550,1500,1500,1600,1495,1625,1700,1662.5,1800,1675,1800,1950,1995,1900,1900,1887.5,2000,1795
"Raleigh","Memphis","TN","Memphis","Shelby",72,,,,,,,,,,,,,,,,,,,,,,,,,,,,,850,800,800,750,850,750,850,822.5,837.5,800,795,795,795,825,825,825,800,847.5,825,850,825,825,850,850,850,850,822.5,812.5,812.5,835,850,825,800,817.5,810,825,825,825,800,795,795,795,795,800
"Encanto","Phoenix","AZ","Phoenix","Maricopa",73,,,,,,,,,,,,975,995,995,995,995,995,1050,1075,950,990,900,950,925,899.5,995,997.5,1095,977.5,912.5,950,977.5,975,897,887.5,850,885,960,1000,1000,1075,1100,1100,1100,1037.5,962.5,995,975,975,1000,1000,1100,1100,1075,1125,1095,1125,1195,1195,1097.5,1200,1200,1195,1200,1195,1179.5,1195,1150,1200,1250,1100,1200
"Kempsville","Virginia Beach","VA","Virginia Beach","Virginia Beach City",74,,,,,,,,,,,,,,,,1500,1400,1500,1500,1500,1422.5,1472.5,1425,1300,1400,1480,1500,1500,1550,1522.5,1572.5,1525,1450,1500,1495,1500,1400,1399.5,1399,1497.5,1500,1500,1500,1500,1572.5,1395,1400,1395,1395,1399,1397,1550,1495,1500,1497.5,1595,1500,1550,1550,1495,1495,1450,1495,1500,1500,1500,1595,1595,1487.5,1522.5,1500,1599
"Northeast Raleigh","Raleigh","NC","Raleigh","Wake",75,,,,,,,,1000,995,995,975,975,996.5,1095,1050,1050,1095,995,995,1050,1025,995,1050,1095,1050,1050,1050,1050,1000,1062.5,1087.5,1050,1095,1100,1095,1025,999,1025,1100,1195,1195,1195,1200,1200,1200,1175,1150,1100,1100,1100,1100,1150,1157.5,1157.5,1197,1225,1222.5,1195,1195,1200,1220,1250,1250,1217.5,1197.5,1200,1250,1250,1200,1200,1200,1245
"Centennial Hills","Las Vegas","NV","Las Vegas","Clark",76,,,,,,,,,,,,1250,1250,1200,1212.5,1212.5,1250,1250,1200,1245,1199,1185,1195,1150,1195,1150,1150,1150,1195,1195,1190,1150,1145,1100,1100,1100,1100,1100,1100,1150,1150,1195,1200,1195,1185,1150,1150,1195,1190,1175,1170,1195,1195,1195,1200,1200,1200,1195,1195,1199,1200,1250,1250,1250,1250,1200,1246.5,1250,1250,1230,1250,1250
"Lone Mountain","Las Vegas","NV","Las Vegas","Clark",77,,,,,,,,,,,,1150,1197.5,1200,1322.5,1195,1195,1195,1200,1195,1150,1150,1100,1150,1145,1118,1150,1150,1180,1175,1150,1100,1100,1099,1100,1100,1107.5,1150,1150,1175,1195,1195,1150,1150,1150,1195,1199,1195,1190,1175,1175,1200,1200,1200,1245,1250,1250,1200,1250,1200,1235,1250,1250,1250,1200,1250,1250,1250,1250,1250,1250,1250
"Casas Adobes","Tucson","AZ","Tucson","Pima",78,,,,,,,,,,,,,,,1100,1100,1095,1075,1075,1097.5,1100,1125,1095,1100,1110,1150,1145,1195,1195,1195,1100,1150,1100,1137.5,1200,1200,1185,1150,1185,1200,1195,1185,1175,1100,1100,1100,1100,1150,1150,1100,1100,1150,1195,1200,1195,1150,1150,1100,1175,1150,1100,1100,1150,1100,1175,1150,1195,1150,1175,1137.5,1150,1185
"Summerlin North","Las Vegas","NV","Las Vegas","Clark",79,,,,,,,,,,,,1385,1475,1595,1500,1495,1500,1495,1525,1450,1467.5,1425,1495,1400,1395,1400,1375,1450,1495,1450,1450,1400,1350,1395,1390,1390,1395,1400,1450,1450,1450,1425,1495,1447.5,1425,1425,1450,1450,1405,1400,1400,1595,1495,1450,1495,1542.5,1500,1535,1547.5,1550,1595,1595,1600,1547.5,1590,1600,1595,1522.5,1590,1595,1595,1595
"Bayside","New York","NY","New York","Queens",80,,,,,,,,,,,,,,,,,,,,,,,,,,,,,,,,,,,,2372.5,2297.5,1900,1950,2100,2200,2300,2375,2350,2400,2400,2325,2200,2200,2200,2150,2100,2100,2250,2325,2500,2350,2200,2400,2400,2300,2300,2200,2200,2300,2500,2500,2500,2500,2500,2650,2375
"Rancho Penasquitos","San Diego","CA","San Diego","San Diego",81,,,,,,,,,,,,,,,,,,,,,,,,,,,,,,,,,,,,,,,,,,,2750,2500,2525,2500,2475,2500,2395,2395,2447.5,2772.5,2875,2774,2685,2672.5,2595,2625,2625,2700,2921.5,2950,2849,2900,2995,2975,2795,2895,2900,2872.5,2824,2848
"Woodlake - Briarmeadow","Houston","TX","Houston","Harris",82,,,,,,,,,,,,,,,,,,,,,,,,,,,,,,,,,,900,1000,875,899,898,1000,985,875,845,802.5,825,815,850,798.5,810,825,850,891.5,860,875,875,877.5,875,857.5,875,867.5,855,857.5,875,890,905,950,945,940,900,900,950,932,900
"Michael Way","Las Vegas","NV","Las Vegas","Clark",83,,,,,,,,,,,,,,,,995,1000,995,999,995,995,977.5,950,950,950,950,995,1007.5,999,975,950,950,950,950,975,995,989,995,1000,1000,995,995,1005,995,950,975,950,985,995,995,995,995,995,995,1000,1000,1095,1025,1000,1045,1075,1050,1050,1085,1095,1150,1095,1085,1095,1075,1095,1037.5
"Chelsea","New York","NY","New York","New York",84,,,,,,,,,,,,,,,,,,,,,,,,,3500,3450,3421,3497.5,3499,3650,3547.5,3500,3497.5,3500,3400,3495,3550,3547.5,3550,3650,3625,3695,3595,3650,3650,3725,3600,3650,3725,3412.5,3400,3500,3750,3895,3750,3440,3475,3455,3465,3465,3465,3710,3532.5,3625,3787.5,3710,3647.5,3850,3787.5,3600,3425,3600
"Lake View","Chicago","IL","Chicago","Cook",85,,,,,,,,,,,,,,,,,,,,,,,,,,,,,,,,,1872.5,1672.5,1850,1750,1600,1600,1650,1830,1925,1797.5,1997.5,1900,1700,1925,1800,1699.5,1699,1697,1700,1995,1925,1972.5,1900,1995,1950,1995,1972.5,1900,1800,1800,1900,1800,1900,1900,2025,2150,1997.5,1900,1800,1997.5
"Woodland Hills","Los Angeles","CA","Los Angeles-Long Beach-Anaheim, CA","Los Angeles",86,,,,,,,,,,,,,,,,,,,,,,,,,,,,,,,,,,,,,,,,,,,,,,,,,,,3195,3397.5,3600,3600,3599.5,3450,3495,3300,3445,3490,3500,3599.5,3350,3500,3500,3497.5,3500,3500,3572.5,3599,3700,3747.5
"Greater Uptown","Houston","TX","Houston","Harris",87,,,,,,,,,,,,,,,,,,,,,,,,,,,,,,,,,,1300,1479,1367,1390,1400,1495,1485,1336,1270,1277,1330,1322.5,1315,1300,1300,1310,1350,1550,1500,1532.5,1600,1689,1585,1595,1515,1505,1495,1500,1500,1495,1490,1515,1500,1502.5,1567.5,1500,1592.5,1650,1600
"Southwest","Arlington","TX","Dallas-Fort Worth","Tarrant",88,,,,,,,,,,,,,,,,,,,,,,,,,,,,,1497.5,1400,1295,1295,1272.5,1300,1300,1300,1297.5,1297.5,1347.5,1395,1300,1350,1325,1347,1300,1295,1300,1297.5,1295,1275,1295,1395,1450,1375,1362.5,1397.5,1395,1395,1400,1385,1445,1497.5,1472.5,1550,1400,1459,1550,1454.5,1437.5,1395,1425,1492.5
"Encino","Los Angeles","CA","Los Angeles-Long Beach-Anaheim, CA","Los Angeles",89,,,,,,,,,,,,,,,,,,,,,,,,,,,,,,,,,,,,,,,,,,,,,,,,,,,,,4500,4500,4597.5,5000,4550,5000,4750,4975,5000,4500,4750,5000,5000,4675,4600,4295,4200,4000,4500,5125
"Newbury Park","Thousand Oaks","CA","Ventura","Ventura",90,,,,,,,,,,,,,,,,,,,,,,,,,,,,,,,,,,,,,2722.5,2795,2800,2700,2697.5,2990,2950,2897.5,2900,2950,2925,3175,3100,3100,2975,2800,2800,2895,2900,3300,3300,3200,3300,3200,3100,3197.5,3300,3300,3725,3675,3400,3500,3295,3199.5,3175,3200
"Greenwich Village","New York","NY","New York","New York",91,,,,,,,,,,,,,,,,,,,,,,,,,3695,3750,3700,3900,3750,3600,3600,3600,3600,3695,3575,3650,3725,3597.5,3500,3700,3672.5,3400,3395,3385,3200,3397.5,3500,3490,3600,3500,3497.5,3700,4050,3625,3490,3397.5,3400,3400,3397.5,3545,4000,4000,3395,3270,3395,3200,3397.5,3545,3545,3400,3490,3700
"Briargate","Colorado Springs","CO","Colorado Springs","El Paso",92,,,,,,,,,,,,,,,1595,1422.5,1500,1450,1450,1500,1495,1395,1382.5,1295,1350,1372.5,1410,1495,1395,1450,1400,1425,1447.5,1500,1595,1575,1560,1585,1500,1525,1450,1512.5,1450,1495,1495,1450,1495,1500,1495,1495,1500,1595,1647.5,1595,1695,1600,1512.5,1597.5,1500,1495,1500,1497.5,1700,1795,1725,1650,1625,1775,1697.5,1650,1600,1750
"Salem","Virginia Beach","VA","Virginia Beach","Virginia Beach City",93,,,,,,,,,,,,1500,1500,1400,1450,1672.5,1610,1500,1495,1485,1500,1470,1350,1400,1450,1475,1450,1500,1550,1595,1500,1475,1475,1495,1500,1495,1400,1400,1450,1550,1595,1497.5,1550,1550,1595,1400,1572.5,1595,1595,1595,1595,1697.5,1695,1682.5,1695,1672.5,1675,1650,1675,1625,1550,1600,1650,1600,1600,1600,1600,1597.5,1600,1650,1600,1600
"Carmel Valley","San Diego","CA","San Diego","San Diego",94,,,,,,,,,,,,,,,,,,,,,,,,,,,,,,,,,,,,,,,,,,,,,,,,,,,3687.5,4150,4100,4200,4200,3992.5,3850,3992.5,4250,3995,3981.5,3900,4150,4200,4175,3959,3981.5,3959,3995,4200,3997.5,4300
"Oak Forest - Garden Oaks","Houston","TX","Houston","Harris",95,,,,,,,,,,,,,,,,,,,,,,,,,,,,,,,,,,,,,,,,,,,,,,,,,,,,,,,,,,,,1800,1795,1772.5,1750,1797.5,1785,1862.5,1800,1800,1700,1700,1775,1800
"Parkway Village-Oakhaven","Memphis","TN","Memphis","Shelby",96,,,,,,,,,,,,,,,,,,,,,,,,,,,,,,,,,,,,,,,,,,,825,825,800,825,825,850,850,850,850,825,825,825,800,825,825,825,847.5,825,800,800,799,825,825,825,825,795,795,800,795,825
"Bay Area","Corpus Christi","TX","Corpus Christi","Nueces",97,,,,,,,,,,,,,,,,,,,,,,,,,,,,,,,,,,,,,,,,,,,,,1295,1200,1237.5,1395,1297.5,1400,1400,1399,1400,1450,1399,1400,1347,1400,1397.5,1400,1400,1475,1400,1400,1475,1325,1425,1300,1300,1300,1300,1300
"Coral Way","Miami","FL","Miami-Fort Lauderdale","Miami-Dade",98,,,,,,,,,,,,,,,,,,,,,,2050,2000,2000,2095,2100,1937.5,2250,2247.5,2197,2000,2100,2200,2250,2200,2200,2200,2250,2475,2500,2400,2400,2400,2400,2312.5,2375,2375,2380,2380,2380,2400,2475,2600,2600,2450,2500,2500,2325,2300,2400,2550,2500,2325,2500,2800,2600,2650,2700,2490,2300,2524.5,2600
"Greater Heights","Houston","TX","Houston","Harris",99,,,,,,,,,,,,,1600,1600,1650,1850,2000,1985,1897.5,1597.5,1600,1600,1600,1700,1700,1800,1800,1800,1897.5,2000,2000,1900,1845,1850,1840,1900,1945,1945,1800,1877,1997.5,2100,2250,2200,2125,2200,2200,2100,2200,2300,2300,2500,2500,2425,2400,2312.5,2150,2100,2400,2400,2437.5,2500,2600,2500,2400,2250,2400,2400,2325,2295,2350,2400
"Desert View","Phoenix","AZ","Phoenix","Maricopa",100,,,,,,,,,,2300,2162.5,1872.5,1800,1800,1900,1950,1962.5,1900,1900,1895,1895,1795,1795,1800,1795,1800,1750,1800,1792.5,1772.5,1850,1850,1750,1795,1800,1900,1862.5,1850,1825,1800,1800,1820,1850,1800,1800,1795,1840,1800,1800,1825,1800,1850,1800,1900,1895,1875,1895,1895,1850,1850,1925,1987.5,1995,1950,1950,1885,1950,1995,1995,1995,1995,1950
"South End","Tacoma","WA","Seattle","Pierce",101,,,,,,,,,,,,,,,,,,,,,1100,1100,1137.5,1195,1162.5,1150,1125,1150,1100,1137.5,1150,1150,1150,1150,997.5,995,985,1090,1195,1225,1200,1197.5,1195,1195,1200,1200,1197.5,1195,1200,1195,1195,1195,1195,1195,1195,1195,1200,1200,1200,1195,1200,1250,1200,1239.5,1270.5,1250,1285,1295,1295,1250,1250,1275
"Jamaica Plain","Boston","MA","Boston","Suffolk",102,,,,,,,,,,,,,,,,,,,,,,,,,,,,,,,,,,,,,,,,,,,,,,,,,,,,,,,,,,2800,2800,3000,3000,3000,2825,3000,3200,3200,3100,2600,2450,2500,2500,2800
"River Oaks-Kirby-Balmoral","Memphis","TN","Memphis","Shelby",103,,,,,,,,,,,,,,,,,,,,,,,,,,,,,,,,,,,,,,,,,,,,,,1095,1195,1195,1095,1145,1110,1175,1185,1185,1137.5,1295,1295,1295,1250,1250,1275,1250,1195,1195,1250,1195,1272.5,1250,1250,1250,1250,1247.5
"Valley High-North Laguna","Sacramento","CA","Sacramento","Sacramento",104,,,,,,,,,,,,,,,,,,1200,1212.5,1195,1195,1250,1250,1250,1250,1250,1295,1295,1295,1270,1275,1250,1249.5,1250,1249.5,1225,1250,1278,1295,1276.5,1250,1275,1250,1250,1295,1295,1295,1270,1262.5,1275,1275,1350,1325,1325,1325,1300,1300,1350,1300,1350,1350,1350,1310,1325,1395,1350,1350,1400,1395,1391,1397.5,1495
"Brighton","Boston","MA","Boston","Suffolk",105,,,,,,,,,,,,,,,,,,,,,,,,2400,2400,2497.5,2400,2225,2300,2500,2200,2400,2049,2188,2039,2097,2200,2100,2114.5,2400,2775,2700,2725,2700,2775,2775,2800,2800,2837.5,2950,2950,3100,3200,2950,2850,2800,2800,2800,2850,2975,3025,2962.5,3001,3100,3000,2975,2995,2950,2800,2850,2725,2800
"Gulfton","Houston","TX","Houston","Harris",106,,,,,,,,,,,,,,,,,,,,,,,,,,,,,,,,,,,,,,,,,,,,697.5,697.5,695,695,695,697.5,700,700,700,700,700,700,700,700,700,700,700,700,700,705,700,700,700,705,714,709.5,705,700,700
"North Park","San Diego","CA","San Diego","San Diego",107,,,,,,,,,,,,,,,,,,,,,,,,,,,,,,,,,,,,,,,,,,,,,,,,,,,,,,,,,,,1700,1950,1972.5,1900,1995,2147.5,2195,2057.5,2085,2350,2200,2375,2295,2300
"Corona Valley","Eastvale","CA","Riverside","Riverside",108,,,,,,,,,,,,,2397.5,2450,2400,2400,2400,2400,2400,2350,2350,2350,2300,2400,2400,2400,2350,2350,2350,2350,2350,2365,2375,2400,2395,2350,2397.5,2325,2300,2337.5,2350,2350,2350,2360,2380,2325,2300,2350,2380,2350,2375,2380,2400,2400,2400,2397.5,2350,2350,2423,2400,2400,2465,2450,2500,2500,2500,2500,2450,2450,2500,2495,2500
"Bayside","Virginia Beach","VA","Virginia Beach","Virginia Beach City",109,,,,,,,,,,,,,,,,,1450,1550,1525,1500,1500,1385,1395,1395,1450,1350,1495,1372.5,1497.5,1450,1450,1450,1395,1495,1495,1500,1450,1462.5,1450,1400,1495,1550,1445,1395,1395,1362.5,1495,1337.5,1375,1395,1395,1550,1472.5,1495,1425,1395,1350,1475,1462.5,1495,1485,1495,1450,1495,1500,1495,1495,1395,1400,1425,1400,1475
"Green Valley North","Henderson","NV","Las Vegas","Clark",110,,,,,,,,,,,,,,,,,,,,,,,,1250,1250,1250,1285,1300,1300,1295,1295,1250,1250,1300,1300,1350,1325,1375,1350,1350,1350,1352.5,1375,1350,1400,1397.5,1400,1350,1345,1350,1340,1350,1400,1400,1400,1385,1380,1412.5,1400,1400,1397.5,1400,1425,1395,1392.5,1450,1495,1495,1400,1450,1395,1400
"Anaheim Hills","Anaheim","CA","Los Angeles-Long Beach-Anaheim, CA","Orange",111,,,,,,,,,,,,,2500,2537.5,2850,2700,2850,2975,2797.5,2750,2750,2672.5,2900,2875,2700,2687.5,2650,2600,2790,2825,2795,2600,2872.5,2900,3000,2900,2895,2900,2975,3000,2975,3000,2800,2975,2999,3000,2999.5,2850,2895,2850,2925,3000,2999.5,3100,3150,3100,3100,2962.5,2987,2999.5,2962.5,2950,3000,2962.5,2975,3000,3350,3195,2999.5,2999,2800,2962.5
"Powers","Colorado Springs","CO","Colorado Springs","El Paso",112,,,,,,,,,,,,,1250,1250,1300,1350,1295,1250,1262.5,1295,1250,1295,1250,1262.5,1200,1300,1300,1375,1325,1350,1350,1295,1295,1290,1282.5,1275,1250,1312.5,1395,1385,1340,1295,1300,1300,1350,1300,1300,1325,1300,1300,1325,1362.5,1425,1395,1350,1395,1385,1350,1350,1395,1395,1395,1395,1400,1400,1400,1412.5,1495,1435,1400,1395,1400
"North Cheyenne","Las Vegas","NV","Las Vegas","Clark",113,,,,,,,,,,,,,,,,1100,1100,1185,1195,1195,1100,1050,1095,1100,1100,1097.5,1095,1100,1095,1095,1095,1100,1147.5,1097,1150,1150,1100,1145,1100,1100,1125,1175,1175,1150,1100,1095,1100,1100,1100,1100,1100,1135,1150,1150,1150,1150,1195,1195,1200,1175,1195,1170,1200,1200,1200,1200,1195,1200,1200,1237.5,1200,1250
"Charleston Heights","Las Vegas","NV","Las Vegas","Clark",114,,,,,,,,,,,,,,,,,1025,1050,1000,995,995,997.5,962.5,992.5,975,950,1000,1000,1000,1000,995,980,950,995,950,937.5,925,975,995,1000,1050,1000,1000,995,950,950,950,995,999.5,1000,1025,1000,1049,1000,1025,1050,995,1000,1000,1075,1050,1100,1095,1022.5,1075,1000,1099.5,1050,1050,1049.5,1050,1097.5
"Southwest Colorado Springs","Colorado Springs","CO","Colorado Springs","El Paso",115,,,,,,,,,,,,,,,,,1795,1695,1600,1550,1600,1450,1300,1225,1200,1350,1550,1495,1400,1350,1325,1312.5,1350,1300,1350,1350,1335,1300,1325,1325,1350,1350,1250,1350,1350,1395,1395,1337.5,1300,1300,1350,1495,1450,1500,1550,1400,1400,1447.5,1597.5,1495,1600,1700,1695,1700,1600,1595,1747.5,1495,1537.5,1585,1550,1495
"South Loop","Chicago","IL","Chicago","Cook",116,,,,,,,,,,,,1900,1695,1900,1861,1900,1863,1918,1839,1826,1709,1689,1796,1785,1798.5,1843.5,1875,1960,1993,1983,1942.5,1895,1890.5,1875,1891,1878,1875,1895,1911,1932.5,1912.5,1937,1900,1908,1899.5,1892,1892,1911,1914,1964.5,1992.5,1924,1908,1919,1904,1924,1914,1937,1924,1899.5,1908,1914,1919,1904,1899.5,1908,1914,1911,1900,1908,1911,1904
"South Boston","Boston","MA","Boston","Suffolk",117,,,,,,,,,,,,,,,,,,,,,,,,,,,,,,,,,,,,,,,,,,,,,,,,,,,,,,,,,,,,3350,3200,3000,3500,3500,3500,3400,3275,3300,3254.5,3100,3000,3000
"Shelby Forest-Frayser","Memphis","TN","Memphis","Shelby",118,,,,,,,,,,,,,,,,,,,,,,,,,,,,,,650,650,625,637.5,650,650,650,655,675,695,695,675,675,675,675,650,650,650,650,675,675,675,675,675,695,675,675,675,675,675,650,650,650,650,650,650,650,650,650,650,650,650,650
"Fort Greene","New York","NY","New York","Kings",119,,,,,,,,,,,,,,,,,,,,,,,,,,,,,,,,,,2753.5,2872.5,2850,2750,2800,2797,3025,3030,3020,2961.5,2979.5,2895,2829,2741,3100,3280,3644,3664,3100,3025,2929,2750,2745,2720.5,2775,2805.5,3060.5,3132,3066.5,2988,2700,2500,2780.5,2500,2745,2800,2775,2750,2850
"West","Fresno","CA","Fresno","Fresno",120,,,,,,,,,,,,,,,,,,,,,,,,,,,1010,1050,1100,1050,1100,1100,1095,1050,972.5,1050,1072.5,1095,1100,1050,1050,1192,1100,1100,1100,1095,1162.5,1150,1125,1095,1100,1050,1097.5,1100,1150,1212.5,1099.5,1072.5,1037.5,1000,1050,1095,1095,1095,1050,1050,1100,1195,1195,1195,1195,1162.5
"Whitney","Las Vegas","NV","Las Vegas","Clark",121,,,,,,,,,,,,,1095,1072.5,1100,1095,1100,1100,1095,1050,1047.5,1000,995,1000,995,1000,1000,1000,1000,999.5,995,995,1000,997,995,997,1000,1050,1025,1000,1000,1025,1050,1035,999,1025,1049,1050,1050,1050,1050,1050,1062.5,1090,1050,1050,1047.5,1045,1050,1050,1050,1100,1100,1100,1100,1125,1125,1100,1100,1070,1025,1095
"West Hills","Los Angeles","CA","Los Angeles-Long Beach-Anaheim, CA","Los Angeles",122,,,,,,,,,,,,,,,,2495,2450,2425,2595,2500,2497.5,2600,2500,2397.5,2400,2422.5,2472.5,2525,2650,2650,2500,2475,2472.5,2447.5,2495,2600,2600,2600,2650,2600,2597.5,2600,2600,2595,2565,2597.5,2650,2695,2650,2650,2700,2700,2795,2795,2700,2737.5,2695,2650,2700,2795,2772.5,2750,2650,2700,2795,2772.5,2795,2770,2797.5,2795,2795,2850
"Venice","Los Angeles","CA","Los Angeles-Long Beach-Anaheim, CA","Los Angeles",123,,,,,,,,,,,,,,,,,,,,,,,,,,,,,,,,,,,,,,,,,,,,,,,,,,,,,,,,,,,,,6500,6400,6197.5,6397.5,6395,6450,6000,6000,6000,5500,5937.5,6395
"Laveen","Phoenix","AZ","Phoenix","Maricopa",124,,,,,,,,1100,1100,1147.5,1100,1062.5,1050,1075,1050,1075,1095,1075,1050,1050,1050,1049,1025,1000,1000,1000,1050,1095,1095,1062.5,1050,1075,1050,1050,1050,1050,1050,1050,1050,1050,1075,1050,1050,1050,1050,1082.5,1075,1075,1075,1075,1090,1095,1100,1100,1100,1147.5,1100,1100,1095,1095,1125,1150,1175,1150,1125,1160,1150,1125,1150,1150,1150,1150
"Summerlin South","Las Vegas","NV","Las Vegas","Clark",125,,,,,,,,,,,,1550,1822.5,1975,1675,1800,1800,1695,1695,1695,1750,1600,1600,1600,1550,1600,1600,1600,1650,1595,1550,1595,1500,1500,1500,1595,1525,1575,1600,1600,1695,1650,1695,1695,1625,1650,1650,1695,1750,1700,1650,1600,1650,1700,1659.5,1695,1695,1750,1750,1712.5,1600,1700,1797,1850,1897.5,1850,1797.5,1800,1772.5,1795,1800,1850
"West Raleigh","Raleigh","NC","Raleigh","Wake",126,,,,,,,,,,,,,,,,,,,,,,,,,,,,,,,,,,,,,,,,,,,,,,960,995,1000,1100,1095,1095,1050,1137.5,1095,1025,1050,995,1000,1095,1150,1072.5,1150,1095,1050,1112.5,1275,1172.5,1050,997.5,1075,1150,1170
"Berclair-Highland Heights","Memphis","TN","Memphis","Shelby",127,,,,,,,,,,,,,,,,,,,,,,,,,,,,,,,,,,,720,720,695,675,675,675,675,650,675,700,700,667.5,675,685,695,675,675,675,697.5,650,662.5,675,680,650,650,675,675,650,650,675,650,650,650,675,650,650,650,650
"Gateway - Green Valley Ranch","Denver","CO","Denver","Denver",128,,,,,,,,,,,,,,,,,,,,,,,,,,,,,,,,,,,,,,1450,1595,1425,1497,1650,1562.5,1600,1550,1550,1625,1550,1562.5,1595,1595,1549,1667.5,1650,1655,1650,1612.5,1650,1710,1700,1695,1697,1719,1795,1750,1672,1750,1750,1750,1797.5,1797.5,1800
"Mears Corner","Virginia Beach","VA","Virginia Beach","Virginia Beach City",129,,,,,,,,,,,,,1475,1535,1650,1695,1600,1572.5,1622.5,1575,1572.5,1500,1495,1495,1485,1525,1595,1585,1600,1675,1625,1597.5,1572.5,1500,1595,1595,1500,1500,1600,1525,1595,1595,1575,1585,1585,1550,1550,1550,1550,1550,1595,1595,1550,1575,1575,1562.5,1550,1550,1550,1550,1550,1565,1550,1522.5,1500,1550,1572.5,1500,1475,1500,1500,1550
"Southwest","Reno","NV","Reno","Washoe",130,,,,,,,,,,,,,,,,,,1495,1500,1400,1450,1525,1472.5,1395,1397.5,1450,1400,1437.5,1450,1425,1400,1397.5,1350,1300,1347.5,1262.5,1250,1299.5,1300,1497.5,1397.5,1197.5,1295,1392.5,1250,1250,1295,1425,1462.5,1495,1450,1475,1450,1685,1695,1650,1650,1585,1462.5,1650,1550,1500,1650,1650,1587.5,1562.5,1562.5,1595,1595,1672.5,1600,1672.5
"Hollywood Hills","Los Angeles","CA","Los Angeles-Long Beach-Anaheim, CA","Los Angeles",131,,,,,,,,,,,,,,,,,,8000,7000,7000,7250,7250,7200,7900,7997.5,8000,7950,7950,7150,7150,7200,6937.5,7000,7950,7995,8000,9000,8250,8500,7974.5,7900,7900,8450,8500,8000,7700,8000,8000,8000,8000,8000,9252.5,8750,8999.5,9000,9800,8900,9500,9995,8999.5,9975,10500,11500,12000,10900,10500,10500,11000,10000,10995,10000,10000
"Spring Branch West","Houston","TX","Houston","Harris",132,,,,,,,,,,,,,,,,,,,,,,,,,,,,,,,,,,,,,,,,,,,,,,,,,,,,,,,,,,,1800,1900,1850,1850,2000,1875,1925,1925,1950,1825,1825,1800,1950,1850
"Southeast Boise","Boise","ID","Boise City","Ada",133,,,,,,,,,,,,,,,,,,,,,,,,,,,,,,,,,,,,,,,,,,,,,,,,,,,,,,,,1150,1125,1050,1100,1150,1155,1125,1150,1195,1195,1125,1150,1100,1200,1190,1050,1050
"Clinton","New York","NY","New York","New York",134,,,,,,,,,,,,,,,,,,,,,,,,,,3124,3200,3200,3200,3335,3310,3429,3595,3500,3490,3400,3207.5,3162.5,3350,3397.5,3425,3300,3462.5,3450,3462.5,3365,3282.5,3245,3275,3325,3350,3440,3475,3500,3335,3380,3595,3390,3350,3315,3370,3370,3380,3392.5,3390,3395,3397.5,3475,3475,3487.5,3475,3475
"Neartown - Montrose","Houston","TX","Houston","Harris",135,,,,,,,,,,,,,,,,,,,,,,,,,,,,,,,,,,,,,,,,,,,,,,,,,,,,,2500,2950,2795,2500,2500,2500,2500,2597.5,2725,2500,2747.5,3000,2900,2850,2900,2850,2750,2762.5,2697.5,2700
"Roxborough","Philadelphia","PA","Philadelphia","Philadelphia",136,,,,,,,,,,,,,,,,,,,,,,,,,,,,,,,,,,,,,,,,,,,,,,1500,1550,1575,1600,1750,1750,1775,1697.5,1650,1775,1685,1600,1550,1600,1575,1700,1775,1725,1797.5,1750,1675,1650,1575,1595,1575,1595,1550
"The Lakes","Las Vegas","NV","Las Vegas","Clark",137,,,,,,,,,,,,,,,,1450,1425,1500,1500,1450,1500,1525,1600,1525,1498,1437.5,1400,1525,1400,1495,1495,1500,1400,1400,1397.5,1395,1395,1399.5,1400,1495,1399,1495,1499,1500,1499.5,1442.5,1495,1525,1500,1495,1500,1672.5,1700,1695,1522.5,1500,1450,1425,1425,1442,1585,1600,1575,1672.5,1700,1750,1715,1599.5,1500,1500,1495,1600
"Financial District","New York","NY","New York","New York",138,,,,,,,,,,,,,,,,,3750,3600,3497.5,3300,3200,3500,3550,3500,3300,3250,3250,3250,3300,3275,3250,3395,3395,3430,3393.5,3271,3290,3300,3395,3500,3500,3540,3595,3583,3583,3566.5,3500,3515,3530,3515,3500,3500,3497.5,3500,3500,3500,3500,3500,3500,3515,3515,3515,3500,3500,3500,3500,3500,3500,3530,3530,3530,3530
"Flatiron District","New York","NY","New York","New York",139,,,,,,,,,,,,,,,,,,,,,,,4200,3850,3597.5,3650,3500,3700,3795,3637.5,3600,3595,3622.5,3615,3595,3527.5,3520,3580,3550,3475,3667.5,3906,4120,4030,3915,3860.5,3790,3860.5,3860.5,3750,3600,3750,3850,3470,3860.5,3805,3910.5,3910.5,3906,3915,3915,3915,3906,3915,3915,3915,3906,3860.5,3750,3910.5,3960,4005
"North Austin","Austin","TX","Austin","Travis",140,,,,,,,,,,,,,,,,,,,,,,,,,,,,,,,,,,,,,740,705,730,730,745,760,808.5,800,799,805,822,808.5,800,823.5,865.5,812,799.5,799.5,799.5,782.5,782.5,799,800,782.5,802.5,766,760,766,799,805,749.5,799.5,782.5,754,782.5,754
"Westchase","Houston","TX","Houston","Harris",141,,,,,,,,,,,,,,,,,,,,,,,,,,,,,,,,,,,,,,,,,,,,730,735,737.5,730,730,735,735,755,755,755,750,745,745,745,742.5,745,745,745,745,750,762.5,767,755,762.5,757.5,765,777.5,769,777.5
"Spring Branch East","Houston","TX","Houston","Harris",142,,,,,,,,,,,,,,,,,,,,,,,,,,,,,,,,,,,,,,,,,,,,,,,,,,,,,,,,,,,,1750,1725,1700,1725,1850,1850,1750,1650,1650,1625,1700,1625,1647.5
"Paradise Hills","Albuquerque","NM","Albuquerque","Bernalillo",143,,,,,,,,,,,,,,,,,,,,,,,,,,,1250,1250,1200,1200,1200,1200,1195,1185,1150,1200,1150,1210,1296,1300,1272.5,1200,1200,1200,1212.5,1200,1200,1197,1199,1195,1195,1225,1200,1195,1200,1250,1200,1195,1195,1200,1195,1250,1250,1200,1200,1250,1275,1295,1262.5,1275,1295,1300
"Washington Avenue Coalition - Memorial Park","Houston","TX","Houston","Harris",144,,,,,,,,,,,,,,,,,,,,,,,,,,,,,,,,,,,,,,,,,,,,,,,,,,,,,,,2900,2800,2825,2772.5,2725,2800,2799,2800,2800,2900,2900,2970,2900,2862.5,2700,2700,2700,2700
"Northwest","Reno","NV","Reno","Washoe",145,,,,,,,,,,,,,,,,1297.5,1300,1295,1275,1275,1275,1312.5,1325,1395,1300,1390,1250,1350,1375,1350,1300,1307.5,1375,1400,1350,1300,1297.5,1350,1350,1397.5,1497.5,1522.5,1325,1400,1500,1510,1550,1500,1450,1475,1450,1497.5,1525,1500,1550,1550,1500,1595,1550,1499.5,1500,1522.5,1475,1585,1650,1625,1600,1550,1562.5,1595,1595,1600
"Las Tierras","El Paso","TX","El Paso","El Paso",146,,,,,,,,,,,,,,,,,,,,,,,,,,1287.5,1262.5,1197.5,1250,1250,1195,1175,1100,1150,1100,1100,1100,1100,1100,1100,1200,1200,1195,1200,1150,1135,1200,1100,1100,1100,1100,1197.5,1175,1200,1195,1175,1100,1095,1100,1125,1175,1162.5,1112.5,1150,1150,1195,1150,1100,1100,1100,1100,1100
"West Village","New York","NY","New York","New York",147,,,,,,,,,,,,,,,,,,,,4100,3975,4500,4500,3925,3750,3935,4295,4435,3895,3825,3900,4100,3997.5,3850,3895,4000,3725,3700,3595,3600,3750,3501.5,3332.5,3501.5,3382.5,3595,3595,3595,3595,3595,4150,3935,3822.5,3695,3795,3500,4122.5,4000,3935,4000,3935,3935,4015,4175,4175,3935,4095,4150,4150,4045,3995,3975
"South Norfolk","Chesapeake","VA","Virginia Beach","Chesapeake City",148,,,,,,,,,,,,,,,,,,,,,,,,,,,,1295,1200,1250,1295,1350,1370,1297.5,1225,1262.5,1250,1247.5,1297.5,1357.5,1350,1350,1300,1237.5,1200,1250,1197.5,1250,1250,1275,1285,1325,1300,1300,1350,1350,1350,1337.5,1325,1350,1357.5,1337.5,1357.5,1350,1300,1312.5,1300,1247.5,1325,1300,1300,1295
"Pacific Palisades","Los Angeles","CA","Los Angeles-Long Beach-Anaheim, CA","Los Angeles",149,,,,,,,,,,,,,,,,,,,,,,,,,,,,,,,,,,,,,,,,,,,,,,,,9275,9500,9050,8975,9050,9000,8775,8900,9500,9747.5,9375,9500,9500,9500,9500,8950,9025,9500,9500,8775,8800,8800,9500,10200,10000
"North Central","Philadelphia","PA","Philadelphia","Philadelphia",150,,,,,,,,,,,,,,,,,,,,,,,,,,,,,,,,,,,,,,,,,,,,,,,,,,,,,,,,,,,,1800,2000,2000,2000,2000,1800,1800,1800,1800,1800,2000,2000,2000
"Green Valley South","Henderson","NV","Las Vegas","Clark",151,,,,,,,,,,,,,,,,,,,,,,,,1450,1400,1375,1350,1337.5,1350,1300,1299.5,1295,1300,1350,1395,1412.5,1350,1250,1250,1295,1272.5,1362.5,1362.5,1350,1297.5,1395,1450,1399.5,1362.5,1385,1350,1350,1300,1350,1395,1400,1400,1395,1400,1425,1450,1495,1500,1497.5,1472.5,1587.5,1600,1585,1400,1437.5,1497.5,1595
"Anthem","Henderson","NV","Las Vegas","Clark",152,,,,,,,,,,,,1395,1400,1337.5,1350,1450,1485,1450,1454.5,1459,1397.5,1400,1500,1500,1495,1495,1500,1422.5,1450,1562.5,1562.5,1550,1572.5,1500,1495,1595,1595,1537.5,1512.5,1495,1495,1525,1492.5,1475,1550,1485,1400,1395,1450,1450,1450,1497.5,1599.5,1724.5,1600,1525,1600,1650,1700,1750,1737,1697.5,1800,1850,1772.5,1650,1725,1772.5,1795,1700,1695,1650
"Northwood","Irvine","CA","Los Angeles-Long Beach-Anaheim, CA","Orange",153,,,,,,,,,,,,,,,,,,,,,,,,,2700,2975,2950,2800,2800,2700,2700,2595,2550,2500,2680,2900,2700,2795,2875,2950,2875,2850,2897.5,2800,2750,2750,2697.5,2750,2895,2895,2895,2850,2900,3075,3100,2925,3150,3200,3297.5,3100,3195,3025,3075,3200,3100,3100,3190,3200,3200,3195,3100,2937.5
"Northampton","Hampton","VA","Virginia Beach","Hampton City",154,,,,,,,,,,,,,,,,,,,,,,,,,,,,,,,,,,,,1100,1200,1150,1200,1200,1250,1270,1270,1200,1200,1150,1100,1195,1195,1195,1195,1250,1300,1300,1300,1250,1200,1250,1200,1225,1200,1250,1300,1290,1237.5,1195,1185,1200,1200,1195,1200,1200
"Back Bay","Boston","MA","Boston","Suffolk",155,,,,,,,,,,,,,,,,,,,,,,,,,,,,,,,,,,,,,,,,,,,,,,,,,,,,,,,3600,3700,3999,3985,3962.5,3995,3985,3775,3775,3575,3250,3600,3737.5,3775,3812.5,3975,3987,3860
"Near North","Chicago","IL","Chicago","Cook",156,,,,,,,,,,,,,1680,1572.5,1595,1650,1680,1782.5,1720,1716,1708,1699,1699.5,1750,1752,1773.5,1793,1895.5,1829,1852.5,1842.5,1721,1680,1650,1750,1760,1833,1809,1895,1909,2045,1763,1752,1756,1752,1752,1748,1744,1725,1746,1746,1734,1724,1746,1752,1748,1748,1746,1744,1752,1748,1724,1695,1746,1724,1722,1720,1720,1722,1724,1734,1748
"Columbus Circle","New York","NY","New York","New York",157,,,,,,,,,,,,,,,,,,,,,,3795,3625,3741,3239,3187.5,3144,3152.5,3102.5,3162.5,3200,3390,3600,3762,3600,3366,3450,3396,3422.5,3460,3482.5,3379,3370,3379,3389.5,3302,3302,3336,3379,3302,3293.5,3379,3379,3336,3336,3379,3379,3379,3389.5,3389.5,3379,3374.5,3370,3374.5,3379,3379,3379,3379,3379,3379,3379,3379
"Sutton Place","New York","NY","New York","New York",158,,,,,,,,,,,,,,,,,,,,,,,,,,,,,,,,,,,,,,,,,,,,,,,,,,,,,,3525,3750,3510,3510,3472.5,3510,3495,3495,3510,3510,3510,3750,3750,3750,3500,3500,3512.5,3495,4050
"Sheep Mountain","Las Vegas","NV","Las Vegas","Clark",159,,,,,,,,,,,,,,,,,,1322.5,1400,1422.5,1372.5,1410,1300,1250,1250,1250,1250,1285,1295,1395,1350,1250,1250,1325,1300,1322.5,1250,1250,1195,1250,1250,1412.5,1462.5,1375,1350,1250,1299.5,1300,1349.5,1300,1349,1395,1372.5,1350,1372.5,1300,1337.5,1350,1272.5,1300,1325,1325,1300,1412.5,1350,1450,1450,1450,1450,1450,1385,1375
"Westgate","Henderson","NV","Las Vegas","Clark",160,,,,,,,,,,,,,,,,,,,,,,,,1550,1537.5,1550,1500,1500,1575,1500,1450,1450,1500,1485,1450,1495,1397.5,1400,1450,1395,1400,1400,1400,1450,1450,1545,1425,1495,1495,1495,1499,1495,1450,1495,1550,1450,1412.5,1525,1499.5,1537.5,1750,1695,1550,1697.5,1700,1550,1600,1650,1647.5,1595,1525,1550
"Sandalwood","Jacksonville","FL","Jacksonville","Duval",161,,,,,,,,,,,,,,,,,,1300,1300,1250,1200,1095,1050,1200,1200,1250,1295,1137.5,1225,1287.5,1125,1300,1262.5,1225,1200,1224.5,1250,1300,1350,1350,1397.5,1400,1362.5,1300,1300,1350,1300,1295,1295,1300,1350,1462.5,1395,1362.5,1350,1395,1295,1337.5,1395,1395,1395,1385,1400,1395,1375,1400,1400,1400,1300,1300,1362.5,1375
"Tule Springs","Las Vegas","NV","Las Vegas","Clark",162,,,,,,,,,,,,,,,,1470,1450,1385,1297.5,1295,1350,1250,1295,1250,1195,1250,1250,1250,1250,1295,1295,1300,1297.5,1272.5,1250,1250,1250,1250,1250,1200,1200,1300,1300,1320,1300,1300,1350,1295,1295,1295,1250,1295,1300,1350,1350,1347.5,1347.5,1350,1350,1300,1325,1350,1350,1299.5,1395,1395,1375,1400,1395,1350,1400,1450
"Summerfields","Fort Worth","TX","Dallas-Fort Worth","Tarrant",163,,,,,,,,,,,,,,,,,,,,,,,,,,,,,,,,,,,,,,,,1187.5,1175,1162.5,1200,1175,1150,1197,1187.5,1150,1150,1175,1200,1250,1250,1200,1245,1250,1250,1250,1275,1250,1262.5,1250,1295,1300,1300,1357.5,1295,1297.5,1295,1285,1250,1275
"East Tampa","Tampa","FL","Tampa","Hillsborough",164,,,,,,,,,,,,,,,,900,875,895,885,949,900,900,900,950,900,912.5,995,995,992.5,950,950,950,950,950,962.5,950,950,950,950,975,950,950,950,945,950,975,900,900,925,950,950,975,950,950,900,975,975,950,900,950,995,997,950,950,985,1000,1025,1000,975,1000,1000,1000
"Streeterville","Chicago","IL","Chicago","Cook",165,,,,,,,,,,,,,,1720,1674,1687,1750,1848,1805,1845,1873,1940.5,1900,1940.5,1900,1947.5,2197.5,2175,1947.5,1904,1904,1852.5,1699.5,1750,1816,1918,1873,1855,1950,1982.5,2037.5,1985,1985,2048,1985,1985,1980,1965,1961,1961,1961,1982.5,1972.5,1980,1980,1980,1982.5,1985,1985,1972.5,1980,1982.5,1980,1965,1961,1957,1961,1985,1985,1985,1982.5,2027
"South Reno","Reno","NV","Reno","Washoe",166,,,,,,,,,,,,,,,,,,,,,,,,,,,,1675,1590,1450,1500,1597.5,1572.5,1600,1550,1537.5,1500,1550,1485,1572.5,1625,1575,1550,1685,1622.5,1537.5,1500,1500,1500,1550,1550,1550,1572.5,1650,1599.5,1600,1600,1600,1672.5,1725,1750,1600,1650,1695,1695,1650,1650,1687.5,1650,1712.5,1737.5,1750
"Warrendale","Detroit","MI","Detroit","Wayne",167,,,,,,,,,,,,,,,,,,,,,650,650,675,650,675,675,685,675,650,650,650,650,650,675,700,697.5,700,700,700,700,700,700,700,700,700,700,700,712.5,700,700,700,750,750,732.5,700,712.5,700,700,725,725,725,750,750,750,740,750,750,750,750,725,700,700
"Hollywood Hills","Hollywood","FL","Miami-Fort Lauderdale","Broward",168,,,,,,,,,,,,,,,,,,,,,,,,,,,,,,,,,,2000,2000,1990,1950,1950,1997.5,2100,2100,2050,2100,2100,2200,2270,2270,2220,2142.5,2150,2150,2100,2200,2100,2200,2100,2100,2197.5,2220,2200,2100,2200,2100,2100,2300,2235,2350,2220,2200,2200,2267.5,2250
"Prosperity Church Road","Charlotte","NC","Charlotte","Mecklenburg",169,,,,,,,,,,,,,,,,,,,,,,,,,,,,,,,,,,,,,,,,1325,1250,1295,1300,1300,1300,1212.5,1200,1200,1200,1200,1225,1300,1300,1295,1295,1350,1275,1297.5,1275,1285,1297.5,1280,1289.5,1300,1350,1350,1375,1375,1350,1286.5,1400,1387.5
"Turtle Bay","New York","NY","New York","New York",170,,,,,,,,,,,,,,,,,,,,,,,,,,3000,3000,2997.5,3097.5,3100,3000,3000,3100,3100,2800,2995,2975,3000,3100,3450,3395,3650,3297.5,3272.5,3100,2850,2897.5,2960,3400,3400,3395,3885,4002.5,3910,3875,3250,3250,3250,3250,3775,3375,3500,3875,3885,3850,3250,3200,3500,3862.5,3550,3200,2960
"Midtown","New York","NY","New York","New York",171,,,,,,,,,,,,,,,,,,,,,3765,3725,3756,3799,3650,3595,3525,3300,3497.5,3500,3590,3600,3600,3642.5,3600,3625,3578,3600,3686,3595,3600,3597.5,3510,3557,3495,3490.5,3490.5,3495,3497.5,3544,3570,3544,3497.5,3495,3495,3495,3495,3519.5,3495,3519.5,3519.5,3544,3519.5,3519.5,3544,3544,3495,3495,3495,3495,3495,3519.5
"Vance Jackson","San Antonio","TX","San Antonio","Bexar",172,,,,,,,,,,,,,,,,,,,,,,,,,,,,,,,,,,,,799.5,799,799,817,812.5,799.5,819,820,825,825,817,815,819,817,825,855,819,815,810,819,812.5,820,819.5,819,805,817,825,822.5,820,819,799.5,800,805,805,805,815,822.5
"East Arlington","Jacksonville","FL","Jacksonville","Duval",173,,,,,,,,,,,,,,,,1300,1295,1295,1295,1250,1250,1195,1200,1200,1250,1297.5,1300,1300,1337.5,1350,1300,1300,1300,1300,1300,1275,1300,1300,1300,1350,1400,1400,1392.5,1450,1397.5,1495,1450,1450,1395,1397.5,1395,1450,1450,1485,1445,1445,1425,1425,1397.5,1395,1400,1395,1412.5,1450,1450,1462.5,1450,1420,1415,1396,1425,1450
"Beach Haven","Jacksonville","FL","Jacksonville","Duval",174,,,,,,,,,,,,,,,,,,,,,,,,,,,,,,,,,,,,,,,,,,,,,,,,,1487.5,1487.5,1487.5,1462.5,1512.5,1425,1560,1550,1497.5,1500,1525,1497.5,1325,1487.5,1595,1600,1597.5,1595,1512.5,1560,1650,1597.5,1625,1550
"University Place","Houston","TX","Houston","Harris",175,,,,,,,,,,,,,,,,,,,,,,,,,,,,,,,,,,,,,,,,,,,,,,,,,,,,,,,,,,,2547.5,2872.5,2900,3100,3000,2850,2845,3300,3075,2970,2800,2750,2800,2999
"Hollywood Lakes","Hollywood","FL","Miami-Fort Lauderdale","Broward",176,,,,,,,,,,,,,,1999,2150,2175,2200,2100,2100,2200,2200,2250,2250,2300,2100,2275,2190,2000,2000,2000,2000,2100,2250,2250,2200,2250,2250,2275,2200,2300,2400,2390,2350,2300,2350,2370,2400,2400,2400,2400,2400,2400,2450,2425,2400,2400,2400,2395,2487.5,2500,2595,2500,2397.5,2395,2390,2300,2450,2462.5,2600,2600,2500,2500
"Kenmore","Boston","MA","Boston","Suffolk",177,,,,,,,,,,,,,,,,,,,,,,,,,,,,,,,,,,,,,,,,,3227,3231,3058,3078,3192,3078,3016.5,3038,3038,3000,3000,3038,3019,3019,3204,3150,3135,3038,3078,3038,2927,3078,3038,3058,3058,3135,3135,3078,3058,3058,3038,2900
"Morningside","Detroit","MI","Detroit","Wayne",177,,,,,,,,,,,,,,,,,,,,,750,700,700,750,725,695,750,750,750,750,750,737.5,750,700,700,700,700,750,750,750,750,795,750,750,750,700,700,750,775,750,750,750,800,800,800,750,800,800,800,775,750,800,775,800,800,800,800,800,800,800,750,750
"Chimney Lakes","Jacksonville","FL","Jacksonville","Duval",179,,,,,,,,,,,,,,,,,1150,1112.5,1150,1197.5,1125,1100,1075,1095,1097.5,1100,1100,1100,1150,1100,1100,1145,1100,1100,1100,1085,1100,1100,1162.5,1175,1150,1146,1150,1150,1150,1100,1150,1175,1175,1195,1195,1175,1175,1150,1195,1195,1150,1150,1150,1137.5,1150,1150,1150,1175,1195,1190,1190,1199,1175,1195,1185,1210
"Macgregor","Houston","TX","Houston","Harris",180,,,,,,,,,,,,,,,,,,,,,,,,,,,,,,,,,,,,,,,,,,,,,,,,,,,,,,,,,,,2025,2100,2000,1701.5,1932.5,2000,1900,1900,1950,2000,2100,1900,1997.5,1800
"Spuyten Duyvil","New York","NY","New York","Bronx",181,,,,,,,,,,,,,,,,,,,,,,,,,,,,,,,,,,2307.5,2175,2200,2150,2100,2162.5,1975,2150,2125,2250,2275,2200,2150,2150,2150,2150,2150,2175,2300,2175,2175,2200,2175,2200,2200,2272.5,2325,2325,2300,2175,2562.5,2587.5,2400,2325,2300,2325,2250,2325,2275
"Gold Coast","Chicago","IL","Chicago","Cook",182,,,,,,,,,,,,,,,,,,,,,,,,,1715,1729,1600,1552,1599,1600,1762.5,1885.5,1665,1643,1636.5,1700,1694,1634,1646,1631,1645,1625,1625,1625,1625,1625,1625,1625,1625,1625,1626,1625,1625,1625,1625,1625,1625,1625,1625,1625,1625,1625,1625,1625,1625,1625,1625,1625,1625,1625,1625,1625
"Belair-Edison","Baltimore","MD","Baltimore","Baltimore City",183,,,,,,,,,,,,,,,,,,,,,,,,,,,,,,,,,,,,,,,,,,,,,,,,1200,1250,1300,1300,1300,1350,1300,1250,1200,1250,1250,1300,1250,1250,1200,1250,1300,1297.5,1300,1250,1290,1250,1250,1276,1250
"Green Valley Ranch","Henderson","NV","Las Vegas","Clark",184,,,,,,,,,,,,,,,,,,,,,,,,1495,1395,1425,1600,1600,1550,1497.5,1475,1600,1685,1695,1500,1500,1475,1500,1600,1612.5,1537.5,1775,1670,1600,1500,1500,1500,1562.5,1650,1600,1600,1597.5,1612.5,1595,1597,1650,1650,1625,1600,1600,1600,1695,1700,1700,1657.5,1695,1695,1695,1645,1625,1625,1665
"Rita Ranch","Tucson","AZ","Tucson","Pima",185,,,,,,,,,,,,,,,,1095,1050,1095,1095,1099.5,1100,1095,1095,1095,1100,1100,1075,1095,1095,1095,1072.5,1050,1062.5,1062.5,1080,1100,1095,1085,1097.5,1095,1100,1100,1095,1095,1100,1095,1050,1050,1050,1062.5,1075,1100,1100,1095,1099.5,1100,1095,1065,1062.5,1050,1100,1100,1050,1050,1100,1100,1095,1095,1125,1100,1100,1095
"Tudor City","New York","NY","New York","New York",186,,,,,,,,,,,,,,,,,,,,,,,,,,,,,,,,,,,,,,,,,,,,3809.5,3995,3687,3616,3500,3500,3500,3500,3809.5,3554,3624,3809.5,3624,3624,3624,3624,3624,3809.5,3809.5,3809.5,3809.5,3809.5,3809.5,3809.5,3809.5,3809.5,3809.5,3809.5,3995
"Southeast Raleigh","Raleigh","NC","Raleigh","Wake",187,,,,,,,,,,,,,,,,,,,,,,,,,,,1000,1175,1050,1150,995,1050,1100,1100,1095,1095,1100,1100,1095,1125,1150,1150,1150,1150,1195,1195,1140,1100,1100,1100,1100,1195,1212.5,1175,1195,1195,1195,1175,1195,1195,1195,1225,1240,1225,1195,1237.5,1250,1225,1195,1150,1195,1195
"Battery Park","New York","NY","New York","New York",188,,,,,,,,,,,,,,,,,,,,,,4150,4250,3995,3625,3512.5,3500,4000,4155,4700,4725,4997.5,4650,4525,4250,4500,4650,4850,4695,4437.5,4595,4595,4295,4225,4172.5,4172.5,4250,4250,4250,4197.5,4250,4250,4250,4250,4250,4250,4250,4250,4250,4250,4250,4250,4250,4250,4250,4250,4250,4250,4250,4250,4250,4250
"Pioneer Park","Las Vegas","NV","Las Vegas","Clark",189,,,,,,,,,,,,,,,,,,1097.5,1099.5,1100,1050,1050,1045,1035,1050,1050,1050,1000,1000,1000,1000,1050,1025,1000,1037.5,1000,995,1000,1025,1000,1037.5,1025,1082.5,1100,1100,1125,1099,1112.5,1100,1100,1095,1125,1125,1100,1125,1150,1172.5,1195,1150,1150,1135,1110,1100,1170,1125,1150,1150,1125,1150,1200,1150,1195
"Pleasant Valley","Austin","TX","Austin","Travis",190,,,,,,,,,,,,,,,,,,,,,,,,,,,,,,,,,,,,,,,,,,,,595,595,595,595,595,595,595,595,592.5,592.5,590,589.5,595,595,595,592.5,592.5,592.5,590,592.5,590,592.5,595,595,595,595,590,592.5,590
"North Gateway","Phoenix","AZ","Phoenix","Maricopa",191,,,,,,,,,,,,,,,1600,1600,1625,1595,1550,1550,1650,1695,1590,1572.5,1500,1500,1525,1600,1599.5,1595,1550,1400,1495,1495,1500,1600,1650,1650,1597.5,1550,1562.5,1500,1450,1397.5,1412.5,1475,1495,1500,1500,1525,1600,1650,1747.5,1725,1695,1597.5,1600,1615,1650,1695,1695,1722.5,1797.5,1697.5,1675,1695,1650,1595,1525,1612.5,1672.5,1600
"Buckroe","Hampton","VA","Virginia Beach","Hampton City",192,,,,,,,,,,,,,,,,,,,,,,,,,,,,,,,,,,,,,,,,,,,,,,,,,,,,,,,,975,1017.5,1085,1037.5,995,975,985,962.5,1095,997.5,995,1025,1100,1050,955,950,950
"Boulevard Heights","Hollywood","FL","Miami-Fort Lauderdale","Broward",193,,,,,,,,,,,,,,,,,,,,,,,,,,,,1400,1450,1450,1550,1575,1550,1575,1562.5,1500,1500,1600,1695,1672.5,1700,1692,1650,1689,1625,1599.5,1550,1575,1600,1612.5,1625,1700,1625,1700,1700,1675,1625,1650,1625,1650,1650,1675,1669,1695,1600,1695,1762.5,1700,1700,1750,1725,1737
"Beverly Glen","Los Angeles","CA","Los Angeles-Long Beach-Anaheim, CA","Los Angeles",194,,,,,,,,,,,,,,,,,,,,,,,,,,,,,,,,,,,,,,,,,,,,,,,,,,,,,,,,10000,10250,8750,9750,9875,9995,10500,10750,11250,9995,9000,10500,11000,10150,8725,8772.5,8750
"Alamo Farmsteads-Babcock Road","San Antonio","TX","San Antonio","Bexar",195,,,,,,,,,,,,,,,,,,,,,,,,,,,,,,,,,,,,,,,,,,970,1120,1115,1135,1100,1050,1057,1079.5,1100,1142.5,1100,1064,1115,1095,1030,1030,1030,1030,1047,1064,1057,1030,1030,1047,1142.5,1032.5,1054.5,1045,1045,1035,1125
"Lincoln Park","Chicago","IL","Chicago","Cook",196,,,,,,,,,,,,,,,,,,,,,,,,,,,,,,,,,,,,,,,,,,,,,,,,,,,,,,,,,,,1700,1500,1531,1675,1590,1582.5,1850,1895,1687.5,1935,1687.5,1725,1687.5,1635
"Corona del Mar","Newport Beach","CA","Los Angeles-Long Beach-Anaheim, CA","Orange",197,,,,,,,,,,,,,,,,,,,,,,,,,,,,,,,,,,,,,,,,,,,,,,,,,6000,6000,5450,6000,5650,6100,6000,5800,5500,5125,5900,6000,6000,6000,6000,6000,6375,5850,5750,6200,6100,6250,6225,6000
"Belair","Augusta","GA","Augusta","Richmond",198,,,,,,,,,,,,,,,,,,,,,,,,,,,,,,,,,,,,,,,,,,,,,,,,,,,,,,,,,1022.5,1050,1075,1075,1100,1022.5,975,1112.5,1150,1175,1062.5,1000,1000,1050,1050,995
"Kyle Canyon","Las Vegas","NV","Las Vegas","Clark",199,,,,,,,,,,,,,,,,,,1250,1195,1237.5,1195,1100,1200,1250,1250,1250,1200,1200,1200,1225,1195,1185,1237.5,1297.5,1250,1200,1200,1200,1200,1200,1200,1250,1200,1200,1195,1200,1190,1200,1245,1250,1250,1250,1212.5,1272.5,1295,1240,1245,1250,1247.5,1247.5,1250,1295,1300,1275,1250,1249.5,1272.5,1285,1250,1295,1272.5,1295
"Jacksonville Heights","Jacksonville","FL","Jacksonville","Duval",200,,,,,,,,,,,,,,,,,,850,850,850,895,850,850,862.5,850,950,950,950,950,900,950,975,982.5,950,950,950,950,950,900,950,950,937.5,975,950,949.5,925,930,925,910,925,925,935,922.5,950,925,900,935,950,950,950,950,975,995,995,995,995,1025,975,995,997,1000,995
"North King St","Hampton","VA","Virginia Beach","Hampton City",201,,,,,,,,,,,,,,,,,,,,,,,,,,,,,,,,,,,,,,,,,,,,,,,1100,1025,1050,1050,1072.5,1095,1250,1297.5,1350,1300,1200,1200,1150,1100,1200,1200,1180,1197.5,1200,1200,1200,1350,1250,1117.5,1050,1072.5
"Bagley","Detroit","MI","Detroit","Wayne",202,,,,,,,,,,,,,,,,,,,,,750,725,750,800,800,795,812.5,850,825,797.5,850,850,850,850,850,850,812.5,850,800,800,800,850,827.5,850,800,850,850,800,850,850,825,812.5,800,825,800,800,800,800,785,800,800,800,850,825,850,775,800,850,850,895,899,900
"Cambridgeport","Cambridge","MA","Boston","Middlesex",203,,,,,,,,,,,,,,,,,,,,,,,,,,,,,2900,3175.5,3125,3160,2980,2900,2905,2900,2906,2930,2950,3075,2977.5,3075,3075,3092.5,3075,3075,3075,3132.5,3132.5,3229,3211,3092.5,3075,3075,3005,3040,3075,3075,3075,3092.5,3092.5,3105,3193,3180,3167.5,3180,3075,3075,3075,3075,3075,3075
"Power Ranch","Gilbert","AZ","Phoenix","Maricopa",204,,,,,,,,,,,,,,,,,1250,1250,1295,1337.5,1250,1195,1225,1350,1350,1275,1300,1297.5,1325,1297.5,1295,1350,1350,1350,1295,1295,1262.5,1295,1295,1295,1299,1300,1325,1350,1350,1350,1349,1300,1299,1300,1349,1350,1350,1375,1375,1385,1325,1300,1300,1325,1350,1400,1350,1450,1425,1400,1400,1425,1380,1450,1450,1450
"Manayunk","Philadelphia","PA","Philadelphia","Philadelphia",205,,,,,,,,,,,,,,,,,,,,,,,,,,,,,,,,,,,,,,,,,,,,,,,,,,,,,,,,,1550,1562.5,1700,1750,1725,1700,1725,1650,1600,1662.5,1700,1600,1550,1600,1600,1600
"Del Rio","Jacksonville","FL","Jacksonville","Duval",206,,,,,,,,,,,,,,,,,1100,1137.5,1150,1200,1195,1197.5,1150,1147.5,1200,1200,1197.5,1150,1150,1200,1200,1200,1200,1285,1197.5,1250,1250,1250,1250,1200,1200,1200,1250,1225,1237.5,1250,1275,1250,1200,1250,1225,1250,1250,1250,1197,1250,1300,1250,1250,1250,1285,1275,1250,1212.5,1225,1275,1275,1275,1295,1250,1250,1222.5
"Villages of Woodland Springs","Fort Worth","TX","Dallas-Fort Worth","Tarrant",207,,,,,,,,,,,,,,,,,,,,,,,,,,,,,1500,1587.5,1595,1450,1497.5,1450,1425,1400,1400,1450,1497.5,1550,1595,1500,1512.5,1500,1532.5,1500,1500,1500,1562.5,1550,1525,1495,1537.5,1567.5,1500,1500,1575,1525,1495,1525,1500,1572.5,1562.5,1575,1695,1675,1650,1600,1650,1695,1650,1592.5
"Grandmont-Rosedale","Detroit","MI","Detroit","Wayne",208,,,,,,,,,,,,,,,,,,,,,800,800,800,775,800,787.5,800,800,800,780,765,757.5,800,800,800,800,800,800,800,800,800,800,800,800,800,800,794.5,800,800,800,800,800,800,775,775,750,750,750,750,762.5,762.5,750,750,785,795,800,850,800,800,800,800,800
"Pinnacle Peak","Scottsdale","AZ","Phoenix","Maricopa",209,,,,,,,,,,,,,,,,,4000,4000,4125,4500,4500,4500,4500,4250,4225,4000,4000,4499,4000,4000,4000,4000,4500,4500,4000,4100,4225,4000,4250,3500,3000,3050,3075,3200,3500,3312.5,3500,3150,3287.5,3395,3200,3600,3550,3500,3500,4000,4000,4000,4000,4000,4500,4200,4500,4500,4500,4500,4500,4800,4500,4900,4950,4550
"Stone Oak","San Antonio","TX","San Antonio","Bexar",210,,,,,,,,,,,,,,,,,,,,,,,,,,,,,,,,,,,,,,,,,,1505,1525,1460,1600,1525,1525,1562.5,1635,1650,1725,1625,1570,1750,1750,1635,1642.5,1725,1700,1747.5,1697.5,1725,1785,1635,1650,1505,1460,1460,1642.5,1615,1625,1650
"North Hills","El Paso","TX","El Paso","El Paso",211,,,,,,,,,,,,,,,,,,,,,,,,,,,,,,,,,1350,1350,1312.5,1300,1297.5,1295,1300,1325,1337.5,1350,1300,1250,1300,1300,1300,1300,1300,1300,1300,1350,1350,1300,1295,1300,1297,1300,1297.5,1245,1250,1300,1300,1297.5,1295,1295,1350,1300,1297.5,1300,1250,1275
"Hunters Point","New York","NY","New York","Queens",212,,,,,,,,,,,,,,,,,,,,,,,,,,,,,,,,,,,,,2700,2985,2980,2893,2895,2800,2815,2815,2815,2800,2802.5,2821.5,2823.5,2825,2825,2815,2815,2805,2821.5,2815,2817.5,2825,2824.5,2815,2794,2815,2815,2823.5,2823.5,2821.5,2815,2805,2815,2797,2800,2805
"Mercury Central","Hampton","VA","Virginia Beach","Hampton City",213,,,,,,,,,,,,,,,,,,,,,,,,,,,,,,,,,,,,,,,,,,,,,,,,,837.5,897.5,897.5,895,925,800,812.5,825,837.5,812.5,800,800,787.5,800,800,922.5,1000,947.5,825,775,850,850,1000,900
"Wells Branch","Austin","TX","Austin","Travis",214,,,,,,,,,,,,,,,,,,,,,,,,,,,,,,,,,,,,837,925,953.5,925,933,953,1000,953,931,896,940.5,928,931,956,997.5,1007.5,956,953,967.5,967.5,950,940.5,896,925,928,925,928,940.5,987,979,979,967.5,979,950,931,925,979
"The Loop","Chicago","IL","Chicago","Cook",215,,,,,,,,,,,,,1720,1710,1720,1761,1750,1830,1866,1868,1895,1915,1925,1885,1871,1885,1888.5,1904.5,1918,1950,1989.5,2017,1958,2029.5,1930,1930,1950,1880,1925,1982,2093,1880,1750.5,1780,1790,1780,1780,1780,1770,1731,1750.5,1770,1780,1880,1889,1780,1770,1770,1790,1838,1830,1810,1952,1922.5,1770,1770,1770,1770,1750.5,1770,1770,1760
"Highland Creek","Charlotte","NC","Charlotte","Mecklenburg",216,,,,,,,,,,,,,,,,,,,,,,,,,,,,,,,,,,,,,1295,1275,1250,1395,1395,1350,1362.5,1350,1275,1290,1300,1325,1350,1375,1385,1397.5,1375,1400,1437.5,1450,1400,1450,1450,1399,1407.5,1500,1450,1450,1450,1450,1450,1425,1445,1447.5,1475,1450
"Franklin Park","Detroit","MI","Detroit","Wayne",217,,,,,,,,,,,,,,,,,,,,,,,,,,,,,650,650,650,682.5,700,700,700,700,700,697.5,682.5,700,700,700,700,700,687.5,700,650,687.5,725,750,750,700,700,725,725,750,749,712.5,750,712.5,700,725,750,700,700,725,700,712.5,700,700,750,750
"Falcon","Colorado Springs","CO","Colorado Springs","El Paso",218,,,,,,,,,,,,,,,,,,,,,,,,1200,1200,1285,1250,1295,1225,1250,1250,1250,1250,1250,1250,1295,1350,1349,1295,1300,1300,1350,1299,1395,1395,1350,1350,1395,1350,1350,1350,1450,1375,1395,1395,1337.5,1400,1400,1362.5,1350,1400,1385,1437.5,1400,1395,1395,1400,1425,1425,1500,1495,1495
"East Cambridge","Cambridge","MA","Boston","Middlesex",219,,,,,,,,,,,,,,,,2716,2738,2776,2753.5,2800,2812.5,2968,2968,2990,2934,3000,3050,3068.5,2860,2900,2938,3144,3136,3082,3072,3045,3055,3122,3082,3056,3100,3137,3124.5,3102,3100,3117,3102,3124.5,3117,3117,3109.5,3132,3135,3133.5,3135,3150,3158,3166,3150.5,3135,3171,3188,3166,3189,3189,3190,3176,3109.5,3117,3133.5,3133.5,3133.5
"Georgian Acres","Austin","TX","Austin","Travis",220,,,,,,,,,,,,,,,,,,,,,,,,,,,,,,,,,,,,,620,640,709,750,678,687,678,669,657,657,657,669,678,678,678,657,687,678,669,687,687,720.5,698,698,678,657,657,669,678,669,657,657,669,657,669,669
"Canton","Baltimore","MD","Baltimore","Baltimore City",221,,,,,,,,,,,,,,,,,,,,,,,,,,,,,,,,,,,,,,,,,,,,2087.5,2187.5,1950,1950,1900,1900,1950,1850,1800,1850,1797.5,1850,1990,1850,1800,1875,1900,2000,2200,2000,2050,2000,2000,2000,2050,1850,1850,1825,1800
"Barton-McFarland","Detroit","MI","Detroit","Wayne",222,,,,,,,,,,,,,,,,,,,,,,,,,,,,,600,700,650,637.5,650,675,672.5,637.5,650,700,615,700,625,687.5,725,750,750,750,700,700,700,700,725,750,750,750,750,700,700,700,725,712.5,737.5,750,750,750,762.5,750,750,750,750,725,700,700
"Murray Hill","Jacksonville","FL","Jacksonville","Duval",223,,,,,,,,,,,,,,,,750,795,795,750,795,750,762.5,775,750,750,750,750,795,795,795,795,797,795,797.5,795,795,750,785,795,797.5,795,850,862.5,795,850,785,812.5,800,795,795,795,837.5,850,850,800,850,800,825,850,825,850,850,862.5,850,875,875,875,875,875,875,875,875
"Highlands","Jacksonville","FL","Jacksonville","Duval",224,,,,,,,,,,,,,,,,,,,,,,,,,,,,,,,,,,,,,,,,,,,,,,,,,850,850,850,862.5,850,872.5,850,895,850,850,875,950,892.5,850,850,875,850,900,900,925,850,837.5,900,875
"River North","Chicago","IL","Chicago","Cook",225,,,,,,,,,,,,,2082,2103.5,2150,2222.5,2205,2200,2200,2265,2200,2199,2175,2175,2175,2192,2340,2290,2203,2225,2200,2100,2185,2227.5,2346,2281,2281.5,2325,2395,2375,2353,2309,2300,2300,2339.5,2342,2342,2342,2342,2309,2342,2354,2304.5,2300,2323,2339.5,2301.5,2299.5,2299,2339.5,2354,2355,2354.5,2355,2342,2339.5,2339.5,2337,2337,2342,2342,2342
"Midtown","Houston","TX","Houston","Harris",226,,,,,,,,,,,,,,,,,,,,,,,,,,,,,,,,,,,,,,,,,,,,,,,,,,,,,,,,,,2100,2100,2250,2225,2250,2400,2421,2572,2435.5,2322.5,2300,2375,2350,2400,2375
"Cedar Hills","Jacksonville","FL","Jacksonville","Duval",227,,,,,,,,,,,,,,,,,,,,,,,,,,,,,,,,,,,,,,,,,,,,,,,,,912,912.5,925,975,975,975,950,950,995,995,995,995,995,995,985,995,987.5,962.5,962.5,975,975,975,985,975
"Hyde Park","Jacksonville","FL","Jacksonville","Duval",228,,,,,,,,,,,,,,,,,,,,,,,,,,,,,,,,,,,,,,,,,,887.5,862.5,850,949,950,975,975,945,925,925,997.5,925,950,899,900,937.5,900,912.5,937.5,950,962.5,995,1025,995,995,950,975,975,995,964,975
"Naples Park","Naples","FL","Naples","Collier",229,,,,,,,,,,,,,,,,,,,,,,,,,,,,,,,,,,,,,,,,,,,,,,,,,,,,,,,,4100,4500,4325,4500,4500,4500,4700,4500,4495,4322.5,4425,4500,4800,4600,4500,4322.5,4800
"South-West Coconut Grove","Miami","FL","Miami-Fort Lauderdale","Miami-Dade",230,,,,,,,,,,,,,,,,,4100,3900,3750,3500,3400,3500,3250,2950,2950,3450,3200,3400,3500,3300,3000,3000,3000,3300,3100,3100,3200,3250,2997.5,3000,3300,3300,3200,3000,2995,2950,3100,3300,3150,3200,3200,3375,3500,3500,3600,3350,3450,3300,3200,3375,3550,3250,3600,3500,3675,3500,3500,3500,3500,3925,4000,3600
"Vista East","Orlando","FL","Orlando","Orange",231,,,,,,,,,,,,,,,,,,,,,,,,,,,,,,,1450,1375,1350,1260,1250,1400,1355,1315,1305,1397.5,1450,1435,1450,1450,1362.5,1350,1300,1350,1395,1410,1350,1422.5,1495,1395,1375,1495,1485,1472.5,1372.5,1525,1600,1495,1550,1675,1750,1550,1550,1625,1700,1450,1550,1750
"Victoria Park","Fort Lauderdale","FL","Miami-Fort Lauderdale","Broward",232,,,,,,,,,,,,,,,,,,,,,,,,,,,,,,,,,,,,,,,2900,2900,3000,2800,2900,2700,2700,2650,2675,2947.5,2995,2900,2900,3000,3000,3000,3200,3200,3250,3225,3200,3000,3000,3000,3000,3000,3000,3047.5,3100,3050,3100,3200,3200,3400
"Bouldin","Austin","TX","Austin","Travis",233,,,,,,,,,,,,,,,,,,,,,,,,,,,,,,,,,,,,,,,,,1285,1325,1275,1297.5,1285,1295,1234,1199,1229,1229,1229,1231.5,1189.5,1275,1300,1285,1231.5,1158.5,1250,1285,1234,1231.5,1295,1300,1300,1300,1350,1350,1300,1300,1300,1285
"Blue Hills","Kansas City","MO","Kansas City","Jackson",234,,,,,,,,,,,,,,,,,,,,,,,,,,,,,,,,,,,,,,,,,,,,,,,,650,650,650,650,625,625,650,650,650,650,695,695,711,750,750,750,750,725,750,750,750,697.5,675,675,695
"West End","Boston","MA","Boston","Suffolk",235,,,,,,,,,,,,,,,,,,,,,,,,,,,,,,,3793,3720,3384,3305,3337,3144.5,3138,3075,3253.5,3229,3121,3076,2915,2999,3025,3025,3025,3050.5,3025,3025,3025,3012,3012,2999,2995,2992.5,2999,2999,3012,3012,3012,3012,3012,3012,3012,3012,3012,3012,3012,3012,3012,3012
"West Loop Gate","Chicago","IL","Chicago","Cook",236,,,,,,,,,,,,,,,,,,1749,1904,1731,1705,1709.5,1752.5,1699.5,1569,1604,1622,1591,1608.5,1699.5,1550,1465,1549,1594,1525,1573,1545,1499,1479.5,1513.5,1542,1555,1528.5,1528.5,1528.5,1532,1532,1528.5,1528.5,1528.5,1532,1528.5,1528.5,1532,1532,1532,1532,1532,1532,1532,1542,1528.5,1532,1532,1532,1528.5,1528.5,1528.5,1528.5,1532,1532,1537
"Zilker","Austin","TX","Austin","Travis",237,,,,,,,,,,,,,,,,,,,,,,,,,,,,,,,,,,,,,,1550,1495,1445,1605,1642.5,1595,1595,1600,1800,1680,1632.5,1595,1700,1845,1595,1595,1525,1595,1700,1595,1567.5,1660,1600,1585,1660,1605,1605,1632.5,1605,1600,1680,1725,1677.5,1820,1825
"New East Side","Chicago","IL","Chicago","Cook",238,,,,,,,,,,,,,,,,,,,,,,,,,,,,,,,,,,,,,,,,,,,2075,2100,2115,2130,2115,2130,2130,2130,2130,2115,2100,2100,2100,2100,2100,2100,2100,2100,2100,2100,2100,2100,2115,2115,2100,2100,2115,2100,2100,1937.5
"Oceanway","Jacksonville","FL","Jacksonville","Duval",239,,,,,,,,,,,,,,,,,,,,,,,,,,,,,,,,,,,,,,,1250,1295,1300,1300,1300,1272.5,1300,1312.5,1295,1250,1250,1250,1250,1272.5,1300,1300,1300,1300,1297.5,1295,1300,1295,1250,1300,1300,1300,1295,1345,1345,1325,1350,1325,1350,1325
"Sonterra-Stone Oak","San Antonio","TX","San Antonio","Bexar",240,,,,,,,,,,,,,,,,,,,,,,,,,,,,,,,,,,,,,,,,,,,,1237,1262.5,1250,1250,1250,1250,1262.5,1285,1275,1295,1250,1250,1243.5,1295,1262.5,1250,1285,1285,1243.5,1250,1262.5,1285,1275,1301,1301,1295,1301,1309,1295
"Woodstock","Jacksonville","FL","Jacksonville","Duval",241,,,,,,,,,,,,,,,,,,,,,,,,,,,,,,,,,,,,,,,,,,,,,,,,,,,,,,,,,,,,775,750,715,725,750,750,762.5,750,725,750,797.5,795,750
"Fulton River District","Chicago","IL","Chicago","Cook",242,,,,,,,,,,,,,,,,,1770,1763,1756,1751,1775.5,1776,1844,1851,1865,1850,2061,1987,1963,1955,1880,1800,1939,1960,1935,1923,1959,1900,1917,1939,1945,1945,1854,1867,1880,1880,1854,1867,1880,1897.5,1942.5,1940,1880,1950,1940,1915,1897.5,1940,1942.5,1940,1907.5,1880,1950,2030,1915,1880,1854,1867,1867,1854,1880,1897.5
"East Hampton North","East Hampton","NY","New York","Suffolk",243,,,,,,,,,,,,,,,,,,,,,,,,,,,,,,,,,,,,,,,,,,,,,,,,,,,,,,,,,,,,40000,38000,38500,35000,30000,30000,30000,31000,35000,34500,35000,35000,39000
"The Cape","Jacksonville","FL","Jacksonville","Duval",244,,,,,,,,,,,,,,,,,,,,,,,,,,,,,,,,,1350,1325,1300,1297.5,1300,1325,1350,1350,1350,1395,1350,1372.5,1355,1375,1375,1385,1350,1350,1350,1400,1395,1385,1395,1375,1375,1385,1397.5,1395,1337.5,1350,1395,1450,1450,1437.5,1425,1412.5,1400,1400,1400,1395
"Thousand Oaks","San Antonio","TX","San Antonio","Bexar",245,,,,,,,,,,,,,,,,,,,,,,,,,,,,,,,,,,,,,,,,825,855,825,825,835.5,825,825,825,825,835.5,848,850,850,846,835.5,846,835.5,825,825,825,825,825,825,835.5,825,825,825,825,825,825,825,825,825
"Friedrich Wilderness Park","San Antonio","TX","San Antonio","Bexar",246,,,,,,,,,,,,,,,,,,,,,,,,,,,,,,,,,,,,1540,1530,1450,1495,1375,1559,1385,1625,1576.5,1559,1568,1535,1540,1585,1605,1628,1540,1568,1605,1595,1616.5,1585,1576.5,1576.5,1595,1585,1605,1595,1605,1576.5,1576.5,1576.5,1554,1585,1576.5,1568,1554
"Washington Village","Baltimore","MD","Baltimore","Baltimore City",247,,,,,,,,,,,,,,,,,,1250,1255,1300,1280,1174.5,1174.5,1200,1250,1225,1149,1175,1100,1100,1175,1200,1200,1250,1250,1300,1350,1299.5,1299.5,1200,1200,1200,1200,1200,1200,1200,1200,1150,1174.5,1200,1200,1300,1300,1250,1247.5,1262.5,1200,1200,1154.5,1200,1200,1250,1200,1200,1250,1287.5,1240,1250,1250,1350,1300,1300
"Fairgrounds","Indianapolis","IN","Indianapolis","Marion",248,,,,,,,,,,,,,,,,,,,,,,,,,,,,,,,,,,,,,,,,,,,,,,,,,,,,,,,837.5,900,825,737.5,750,772.5,800,812.5,870,850,850,825,937.5,850,850,850,850,962.5
"Eagledale","Indianapolis","IN","Indianapolis","Marion",248,,,,,,,,,,,,,,,,,,,,,,700,700,695,700,725,750,750,762.5,750,750,762.5,750,750,750,750,750,750,762.5,750,750,750,750,750,750,750,750,750,750,750,750,750,750,750,750,750,750,750,750,750,750,750,750,756.5,750,750,750,770,750,750,750,750
"Snacks-Guion Creek","Indianapolis","IN","Indianapolis","Marion",248,,,,,,,,,,,,,,,,,,,,,,,,,,,,,,,,,,,,,,,,,,,,,,,,,1135,1150,1135,1175,1185,1150,1150,1125,1137.5,1100,1137.5,1150,1162.5,1147.5,1145,1112.5,1172.5,1150,1195,1150,1175,1150,1162.5,1150
"Martindale-Brightwood","Indianapolis","IN","Indianapolis","Marion",248,,,,,,,,,,,,,,,,,,,,,,,,,,,,,,,,,,,,,,650,637.5,637.5,650,697.5,681.5,750,750,650,650,650,688,688,688,675,650,650,625,650,650,650,650,650,650,650,662.5,675,675,675,675,650,650,675,675,675
"Near Eastside","Indianapolis","IN","Indianapolis","Marion",248,,,,,,,,,,,,,,,,,,,,,,,,600,650,650,635,650,635,642.5,650,600,650,650,650,650,650,650,662.5,675,685,675,675,675,675,675,650,650,675,675,675,650,650,650,650,650,650,650,650,650,675,675,675,675,675,675,675,675,675,675,650,675
"Near Southeast","Indianapolis","IN","Indianapolis","Marion",248,,,,,,,,,,,,,,,,,,,,,,,,,,,,,,,,,650,675,650,662.5,700,700,700,687.5,675,675,695,675,700,700,700,700,725,725,725,725,700,700,700,700,700,700,700,695,700,700,695,700,700,700,712.5,700,695,695,695,695
"Chapel Hill-Ben Davis","Indianapolis","IN","Indianapolis","Marion",248,,,,,,,,,,,,,,,,,,,,,,,,,,,,,,,,,,,,,,,,,1100,1150,1150,1197.5,1195,1150,1150,1145,1150,1150,1125,1150,1145,1150,1150,1150,1097,1097.5,1100,1100,1125,1150,1150,1107.5,1150,1150,1190,1125,1162.5,1162.5,1150,1150
"Far Eastside","Indianapolis","IN","Indianapolis","Marion",248,,,,,,,,,,,,,,,,,,795,800,795,795,800,799,800,799,795,775,775,750,750,750,775,775,795,795,800,825,850,850,875,825,875,899.5,850,835,850,850,875,860,897.5,900,950,925,925,950,950,950,925,947.5,950,972.5,975,950,997.5,1000,985,950,895,897,895,899,900
